,da_last_name,start year,left office,female,black,county,university,1977,1978,1980,1981,1982,1983,1985,1986,1987,1988,1989,1990,1991,1992,1993,1994,1995,1996,1997,1998,1999,2000,2001,2002,2003,2004,2005,2006,2007,2008,2009,2010,2011,2012,2013,2014,2015,2016,DA_name
0,Soares,2004.0,,0,1,Albany,albany,0,0,0,0,0,0,0,0,0,0,0,0,0,0,0,0,0,0,0,0,0,0,0,0,0,0,0,0,0,1,0,0,0,1,0,0,0,0,P. David Soares
1,Clyne,2000.0,2004.0,0,0,Albany,albany,0,0,0,0,0,0,0,0,0,0,0,0,0,0,0,0,0,0,0,0,0,0,0,0,0,1,0,0,0,0,0,0,0,0,0,0,0,0,Paul A. Clyne
2,Slep,2011.0,,0,0,Allegany,syracuse,0,0,0,0,0,0,0,0,0,0,0,0,0,0,0,0,0,0,0,0,0,0,0,0,0,0,0,0,0,0,0,0,1,0,0,0,1,0,Keith Slep
3,Slep,2011.0,,0,0,Allegany,syracuse,0,0,0,0,0,0,0,0,0,0,0,0,0,0,0,0,0,0,0,0,0,0,0,0,0,0,0,0,0,0,0,0,1,0,0,0,1,0,Keith A. Slep
4,Parker,1997.0,2010.0,0,0,Allegany,pace,0,0,0,0,0,0,0,0,0,0,0,0,0,0,0,0,0,0,0,0,0,0,1,0,0,0,1,0,0,0,1,0,0,0,0,0,0,0,Terrence M. Parker
5,Parker,1997.0,2010.0,0,0,Allegany,pace,0,0,0,0,0,0,0,0,0,0,0,0,0,0,0,0,0,0,0,0,0,0,1,0,0,0,1,0,0,0,1,0,0,0,0,0,0,0,TERRENCE M. PARKER
6,Clark,2015.0,,1,1,Bronx,howard,0,0,0,0,0,0,0,0,0,0,0,0,0,0,0,0,0,0,0,0,0,0,0,0,0,0,0,0,0,0,0,0,0,0,0,0,0,0,Frank J. Clark
7,Clark,1996.0,2008.0,0,0,Erie,buffalo,0,0,0,0,0,0,0,0,0,0,0,0,0,0,0,0,0,0,0,0,0,1,0,0,0,1,0,0,0,0,0,0,0,0,0,0,0,0,Frank J. Clark
8,Clark,2015.0,,1,1,Bronx,howard,0,0,0,0,0,0,0,0,0,0,0,0,0,0,0,0,0,0,0,0,0,0,0,0,0,0,0,0,0,0,0,0,0,0,0,0,0,0,FRANK J. CLARK
9,Clark,1996.0,2008.0,0,0,Erie,buffalo,0,0,0,0,0,0,0,0,0,0,0,0,0,0,0,0,0,0,0,0,0,1,0,0,0,1,0,0,0,0,0,0,0,0,0,0,0,0,FRANK J. CLARK
10,Clark,2015.0,,1,1,Bronx,howard,0,0,0,0,0,0,0,0,0,0,0,0,0,0,0,0,0,0,0,0,0,0,0,0,0,0,0,0,0,0,0,0,0,0,0,0,0,0,Darcel D. Clark
11,Clark,1996.0,2008.0,0,0,Erie,buffalo,0,0,0,0,0,0,0,0,0,0,0,0,0,0,0,0,0,0,0,0,0,1,0,0,0,1,0,0,0,0,0,0,0,0,0,0,0,0,Darcel D. Clark
12,Johnson,1987.0,2015.0,0,1,Bronx,nyu,0,0,0,0,0,0,0,0,0,0,0,0,1,0,0,0,1,0,0,0,1,0,0,0,1,0,0,0,1,0,0,0,1,0,0,0,0,0,Robert T. Johnson
13,Johnson,1987.0,2015.0,0,1,Bronx,nyu,0,0,0,0,0,0,0,0,0,0,0,0,1,0,0,0,1,0,0,0,1,0,0,0,1,0,0,0,1,0,0,0,1,0,0,0,0,0,Robert J. Johnson
14,Johnson,1987.0,2015.0,0,1,Bronx,nyu,0,0,0,0,0,0,0,0,0,0,0,0,1,0,0,0,1,0,0,0,1,0,0,0,1,0,0,0,1,0,0,0,1,0,0,0,0,0,"Robert T, Johnson"
15,Johnson,1987.0,2015.0,0,1,Bronx,nyu,0,0,0,0,0,0,0,0,0,0,0,0,1,0,0,0,1,0,0,0,1,0,0,0,1,0,0,0,1,0,0,0,1,0,0,0,0,0,Robert T Johnson
16,Cornwell,2015.0,,0,0,Broome,syracuse,0,0,0,0,0,0,0,0,0,0,0,0,0,0,0,0,0,0,0,0,0,0,0,0,0,0,0,0,0,0,0,0,0,0,0,0,0,0,Stephen K. Cornwell Jr.
17,Cornwell,2015.0,,0,0,Broome,syracuse,0,0,0,0,0,0,0,0,0,0,0,0,0,0,0,0,0,0,0,0,0,0,0,0,0,0,0,0,0,0,0,0,0,0,0,0,0,0,Stephen K. Cornwell
18,Mollen,1987.0,2015.0,0,0,Broome,georgewashington,0,0,0,0,0,0,0,0,1,0,0,0,1,0,0,0,1,0,0,0,1,0,0,0,1,0,0,0,1,0,0,0,1,0,0,0,1,0,Gerald F. Mollen
19,Mollen,1987.0,2015.0,0,0,Broome,georgewashington,0,0,0,0,0,0,0,0,1,0,0,0,1,0,0,0,1,0,0,0,1,0,0,0,1,0,0,0,1,0,0,0,1,0,0,0,1,0,Gerald M. Mollen
20,Rieman,2009.0,,1,0,Cattaraugus,tennessee,0,0,0,0,0,0,0,0,0,0,0,0,0,0,0,0,0,0,0,0,0,0,0,0,0,0,0,0,0,0,0,0,0,0,1,0,0,0,Lori Pettit Rieman
21,Rieman,2009.0,,1,0,Cattaraugus,tennessee,0,0,0,0,0,0,0,0,0,0,0,0,0,0,0,0,0,0,0,0,0,0,0,0,0,0,0,0,0,0,0,0,0,0,1,0,0,0,Lori Rieman
22,Rieman,2009.0,,1,0,Cattaraugus,tennessee,0,0,0,0,0,0,0,0,0,0,0,0,0,0,0,0,0,0,0,0,0,0,0,0,0,0,0,0,0,0,0,0,0,0,1,0,0,0,Lori P. Rieman
23,Sharkey,1997.0,2009.0,0,0,Cattaraugus,buffalo,0,0,0,0,0,0,0,0,0,0,0,0,0,0,0,0,0,0,0,0,0,0,1,0,0,0,1,0,0,0,1,0,0,0,0,0,0,0,Edward M. Sharkey
24,Sharkey,1997.0,2009.0,0,0,Cattaraugus,buffalo,0,0,0,0,0,0,0,0,0,0,0,0,0,0,0,0,0,0,0,0,0,0,1,0,0,0,1,0,0,0,1,0,0,0,0,0,0,0,EDWARD M. SHARKEY
25,Vargason,1995.0,2003.0,0,0,Cayuga,syracuse,0,0,0,0,0,0,0,0,0,0,0,0,0,0,0,0,0,0,0,0,1,0,0,0,1,0,0,0,0,0,0,0,0,0,0,0,0,0,James B. Vargason
26,Vargason,1995.0,2003.0,0,0,Cayuga,syracuse,0,0,0,0,0,0,0,0,0,0,0,0,0,0,0,0,0,0,0,0,1,0,0,0,1,0,0,0,0,0,0,0,0,0,0,0,0,0,JAMES B. VARGASON
27,Foley,2005.0,,0,0,Chautauqua,vermont,0,0,0,0,0,0,0,0,0,0,0,0,0,0,0,0,0,0,0,0,0,0,0,0,0,0,1,0,0,0,1,0,0,0,1,0,0,0,David W. Foley
28,Subjack,1993.0,2005.0,0,0,Chautauqua,illinois,0,0,0,0,0,0,0,0,0,0,0,0,0,0,0,0,0,0,1,0,0,0,1,0,0,0,0,0,0,0,0,0,0,0,0,0,0,0,JAMES P. SUBJACK
29,Wetmore,2007.0,,0,0,Chemung,albany,0,0,0,0,0,0,0,0,0,0,0,0,0,0,0,0,0,0,0,0,0,0,0,0,0,0,0,0,0,0,0,0,1,0,0,0,1,0,Weeden A. Wetmore
30,Trice,2000.0,2007.0,0,0,Chemung,syracuse,0,0,0,0,0,0,0,0,0,0,0,0,0,0,0,0,0,0,0,0,0,0,0,0,1,0,0,0,1,0,0,0,0,0,0,0,0,0,John R. Trice
31,Trice,2000.0,2007.0,0,0,Chemung,syracuse,0,0,0,0,0,0,0,0,0,0,0,0,0,0,0,0,0,0,0,0,0,0,0,0,1,0,0,0,1,0,0,0,0,0,0,0,0,0,John F. Trice
32,Trice,2000.0,2007.0,0,0,Chemung,syracuse,0,0,0,0,0,0,0,0,0,0,0,0,0,0,0,0,0,0,0,0,0,0,0,0,1,0,0,0,1,0,0,0,0,0,0,0,0,0,Christina Bruher
33,McBride,1999.0,,0,0,Chenango,unknown,0,0,0,0,0,0,0,0,0,0,0,0,0,0,0,0,0,0,0,0,0,0,0,0,1,0,0,0,1,0,0,0,1,0,0,0,1,0,Joseph A. McBride
34,Wylie,2005.0,,0,0,Clinton,creighton,0,0,0,0,0,0,0,0,0,0,0,0,0,0,0,0,0,0,0,0,0,0,0,0,0,0,0,0,0,0,1,0,0,0,1,0,0,0,Andrew J. Wylie
35,Czajka,2011.0,,0,0,Columbia,westernnewengland,0,0,0,0,0,0,0,0,0,0,0,0,0,0,0,0,0,0,0,0,0,0,0,0,0,0,0,0,0,0,0,0,0,0,0,0,1,0,Paul Czajka
36,Czajka,1987.0,1995.0,0,0,Columbia,westernnewengland,0,0,0,0,0,0,0,0,0,0,0,0,1,0,0,0,0,0,0,0,0,0,0,0,0,0,0,0,0,0,0,0,0,0,0,0,0,0,Paul Czajka
37,Cozzolino,1995.0,2011.0,1,0,Columbia,westernnewengland,0,0,0,0,0,0,0,0,0,0,0,0,0,0,0,0,0,0,0,0,1,0,0,0,1,0,0,0,1,0,0,0,0,0,0,0,0,0,Beth G. Cozzolino
38,Cozzolino,1995.0,2011.0,1,0,Columbia,westernnewengland,0,0,0,0,0,0,0,0,0,0,0,0,0,0,0,0,0,0,0,0,1,0,0,0,1,0,0,0,1,0,0,0,0,0,0,0,0,0,Beth C. Cozzolino
39,Cozzolino,1995.0,2011.0,1,0,Columbia,westernnewengland,0,0,0,0,0,0,0,0,0,0,0,0,0,0,0,0,0,0,0,0,1,0,0,0,1,0,0,0,1,0,0,0,0,0,0,0,0,0,Charles E. Inman
40,Suben,2008.0,,0,0,Cortland,fordham,0,0,0,0,0,0,0,0,0,0,0,0,0,0,0,0,0,0,0,0,0,0,0,0,0,0,0,0,0,0,0,0,0,1,0,0,0,1,Mark D. Suben
41,Hartnett,2004.0,2008.0,0,0,Cortland,westernnewengland,0,0,0,0,0,0,0,0,0,0,0,0,0,0,0,0,0,0,0,0,0,0,0,0,0,0,0,0,0,1,0,0,0,0,0,0,0,0,David S. Hartnett
42,Hartnett,2004.0,2008.0,0,0,Cortland,westernnewengland,0,0,0,0,0,0,0,0,0,0,0,0,0,0,0,0,0,0,0,0,0,0,0,0,0,0,0,0,0,1,0,0,0,0,0,0,0,0,Davis S. Hartnett
43,Hartnett,2004.0,2008.0,0,0,Cortland,westernnewengland,0,0,0,0,0,0,0,0,0,0,0,0,0,0,0,0,0,0,0,0,0,0,0,0,0,0,0,0,0,1,0,0,0,0,0,0,0,0,David Hartnett
44,Hartnett,2004.0,2008.0,0,0,Cortland,westernnewengland,0,0,0,0,0,0,0,0,0,0,0,0,0,0,0,0,0,0,0,0,0,0,0,0,0,0,0,0,0,1,0,0,0,0,0,0,0,0,James P. Maxwell
45,Hubbard,2015.0,,0,0,Delaware,newengland,0,0,0,0,0,0,0,0,0,0,0,0,0,0,0,0,0,0,0,0,0,0,0,0,0,0,0,0,0,0,0,0,0,0,0,0,0,1,John L. Hubbard
46,Northrup,,2015.0,0,0,Delaware,albany,0,0,0,0,0,0,0,0,0,0,0,0,0,0,0,0,0,0,0,0,0,0,0,0,0,0,0,0,0,1,0,0,0,1,0,0,0,0,Richard D. Northrup Jr.
47,Northrup,,2015.0,0,0,Delaware,albany,0,0,0,0,0,0,0,0,0,0,0,0,0,0,0,0,0,0,0,0,0,0,0,0,0,0,0,0,0,1,0,0,0,1,0,0,0,0,"Richard D. Northrup, Jr."
48,Grady,1983.0,,0,0,Dutchess,nyu,0,0,0,0,0,0,0,0,1,0,0,0,1,0,0,0,1,0,0,0,1,0,0,0,1,0,0,0,1,0,0,0,1,0,0,0,1,0,William V. Grady
49,Sedita,2008.0,,0,0,Erie,buffalo,0,0,0,0,0,0,0,0,0,0,0,0,0,0,0,0,0,0,0,0,0,0,0,0,0,0,0,0,0,0,0,0,0,1,0,0,0,0,"Frank A. Sedita, III"
50,Sedita,2008.0,,0,0,Erie,buffalo,0,0,0,0,0,0,0,0,0,0,0,0,0,0,0,0,0,0,0,0,0,0,0,0,0,0,0,0,0,0,0,0,0,1,0,0,0,0,"Frank A. Sedita, Iii"
51,Sprague,2009.0,,1,0,Essex,albany,0,0,0,0,0,0,0,0,0,0,0,0,0,0,0,0,0,0,0,0,0,0,0,0,0,0,0,0,0,0,0,0,0,0,1,0,0,0,Kristy L. Sprague
52,Garcia,2005.0,2009.0,1,0,Essex,albany,0,0,0,0,0,0,0,0,0,0,0,0,0,0,0,0,0,0,0,0,0,0,0,0,0,0,0,0,0,0,1,0,0,0,0,0,0,0,Julie A. Garcia
53,Garcia,2005.0,2009.0,1,0,Essex,albany,0,0,0,0,0,0,0,0,0,0,0,0,0,0,0,0,0,0,0,0,0,0,0,0,0,0,0,0,0,0,1,0,0,0,0,0,0,0,Julia A. Garcia
54,Garcia,2005.0,2009.0,1,0,Essex,albany,0,0,0,0,0,0,0,0,0,0,0,0,0,0,0,0,0,0,0,0,0,0,0,0,0,0,0,0,0,0,1,0,0,0,0,0,0,0,Michael P. Langey
55,Carriero,2015.0,,0,0,Franklin,albany,0,0,0,0,0,0,0,0,0,0,0,0,0,0,0,0,0,0,0,0,0,0,0,0,0,0,0,0,0,0,0,0,0,0,0,0,0,0,Craig P. Carriero
56,MacNeill,2014.0,2015.0,0,0,Franklin,washburn,0,0,0,0,0,0,0,0,0,0,0,0,0,0,0,0,0,0,0,0,0,0,0,0,0,0,0,0,0,0,0,0,0,0,0,0,1,0,Glenn MacNeill
57,MacNeill,2014.0,2015.0,0,0,Franklin,washburn,0,0,0,0,0,0,0,0,0,0,0,0,0,0,0,0,0,0,0,0,0,0,0,0,0,0,0,0,0,0,0,0,0,0,0,0,1,0,Paul L. Howard Jr.
58,Champagne,2002.0,2014.0,0,0,Franklin,newhampshire,0,0,0,0,0,0,0,0,0,0,0,0,0,0,0,0,0,0,0,0,0,0,0,0,0,0,0,1,0,0,0,1,0,0,0,0,0,0,"Derek P. Champagne, Franklin County"
59,Champagne,2002.0,2014.0,0,0,Franklin,newhampshire,0,0,0,0,0,0,0,0,0,0,0,0,0,0,0,0,0,0,0,0,0,0,0,0,0,0,0,1,0,0,0,1,0,0,0,0,0,0,Derek P. Champagne
60,Brown,2015.0,,0,0,Fulton,westernnewengland,0,0,0,0,0,0,0,0,0,0,0,0,0,0,0,0,0,0,0,0,0,0,0,0,0,0,0,0,0,0,0,0,0,0,0,0,1,0,Richard A. Brown
61,Brown,1991.0,,0,0,Queens,nyu,0,0,0,0,0,0,0,0,0,0,0,0,1,0,0,0,1,0,0,0,1,0,0,0,1,0,0,0,1,0,0,0,1,0,0,0,1,0,Richard A. Brown
62,Brown,2015.0,,0,0,Fulton,westernnewengland,0,0,0,0,0,0,0,0,0,0,0,0,0,0,0,0,0,0,0,0,0,0,0,0,0,0,0,0,0,0,0,0,0,0,0,0,1,0,Craig Stephen Brown
63,Brown,1991.0,,0,0,Queens,nyu,0,0,0,0,0,0,0,0,0,0,0,0,1,0,0,0,1,0,0,0,1,0,0,0,1,0,0,0,1,0,0,0,1,0,0,0,1,0,Craig Stephen Brown
64,Brown,2015.0,,0,0,Fulton,westernnewengland,0,0,0,0,0,0,0,0,0,0,0,0,0,0,0,0,0,0,0,0,0,0,0,0,0,0,0,0,0,0,0,0,0,0,0,0,1,0,Chad W. Brown
65,Brown,1991.0,,0,0,Queens,nyu,0,0,0,0,0,0,0,0,0,0,0,0,1,0,0,0,1,0,0,0,1,0,0,0,1,0,0,0,1,0,0,0,1,0,0,0,1,0,Chad W. Brown
66,Sira,2002.0,2015.0,1,0,Fulton,albany,0,0,0,0,0,0,0,0,0,0,0,0,0,0,0,0,0,0,0,0,0,0,0,0,0,0,0,0,0,0,0,0,0,0,0,0,0,0,Louise K. Sira
67,Sira,2002.0,2015.0,1,0,Fulton,albany,0,0,0,0,0,0,0,0,0,0,0,0,0,0,0,0,0,0,0,0,0,0,0,0,0,0,0,0,0,0,0,0,0,0,0,0,0,0,Louis K. Sira
68,Friedman,1997.0,,0,0,Genesee,buffalo,0,0,0,0,0,0,0,0,0,0,0,0,0,0,0,0,0,0,0,0,0,0,1,0,0,0,1,0,0,0,1,0,0,0,1,0,0,0,Lawrence Friedman
69,Friedman,1997.0,,0,0,Genesee,buffalo,0,0,0,0,0,0,0,0,0,0,0,0,0,0,0,0,0,0,0,0,0,0,1,0,0,0,1,0,0,0,1,0,0,0,1,0,0,0,LAWRENCE FRIEDMAN
70,Stanzione,2014.0,,0,0,Greene,westernnewengland,0,0,0,0,0,0,0,0,0,0,0,0,0,0,0,0,0,0,0,0,0,0,0,0,0,0,0,0,0,0,0,0,0,0,0,0,0,0,Joseph Stanzione
71,Bucca,2013.0,2013.0,0,0,Greene,albany,0,0,0,0,0,0,0,0,0,0,0,0,0,0,0,0,0,0,0,0,0,0,0,0,0,0,0,0,0,0,0,0,0,0,0,0,0,0,Charles O. Bucca
72,Wilhelm,1999.0,2013.0,0,0,Greene,albany,0,0,0,0,0,0,0,0,0,0,0,0,0,0,0,0,0,0,0,0,0,0,0,0,1,0,0,0,1,0,0,0,1,0,0,0,0,0,Terry J. Wilhelm
73,Purdue,2011.0,,1,0,Hamilton,rutgers,0,0,0,0,0,0,0,0,0,0,0,0,0,0,0,0,0,0,0,0,0,0,0,0,0,0,0,0,0,0,0,0,0,0,0,0,1,0,Marsha K. Purdue
74,Curry,1992.0,,0,0,Hamilton,unknown,0,0,0,0,0,0,0,0,0,0,0,0,0,0,0,0,0,1,0,0,0,1,0,0,0,1,0,0,0,1,0,0,0,0,0,0,0,0,James T. Curry
75,Carpenter,2012.0,,0,0,Herkimer,pepperdine,0,0,0,0,0,0,0,0,0,0,0,0,0,0,0,0,0,0,0,0,0,0,0,0,0,0,0,0,0,0,0,0,0,1,0,0,0,0,Jeffrey S. Carpenter
76,Carpenter,2012.0,,0,0,Herkimer,pepperdine,0,0,0,0,0,0,0,0,0,0,0,0,0,0,0,0,0,0,0,0,0,0,0,0,0,0,0,0,0,0,0,0,0,1,0,0,0,0,"Jeffrey S. Carpenter, Assistant"
77,Crandall,2002.0,2011.0,0,0,Herkimer,albany,0,0,0,0,0,0,0,0,0,0,0,0,0,0,0,0,0,0,0,0,0,0,0,0,0,1,0,0,0,1,0,0,0,0,0,0,0,0,"John H. Crandall, Sr."
78,Crandall,2002.0,2011.0,0,0,Herkimer,albany,0,0,0,0,0,0,0,0,0,0,0,0,0,0,0,0,0,0,0,0,0,0,0,0,0,1,0,0,0,1,0,0,0,0,0,0,0,0,John H. Crandall
79,Crandall,2002.0,2011.0,0,0,Herkimer,albany,0,0,0,0,0,0,0,0,0,0,0,0,0,0,0,0,0,0,0,0,0,0,0,0,0,1,0,0,0,1,0,0,0,0,0,0,0,0,"JOHN H. CRANDALL, SR."
80,Intschert,1999.0,,1,0,Jefferson,buffalo,0,0,0,0,0,0,0,0,0,0,0,0,0,0,0,0,0,0,0,0,0,0,0,0,1,0,0,0,1,0,0,0,1,0,0,0,1,0,Cindy F. Intschert
81,Intschert,1999.0,,1,0,Jefferson,buffalo,0,0,0,0,0,0,0,0,0,0,0,0,0,0,0,0,0,0,0,0,0,0,0,0,1,0,0,0,1,0,0,0,1,0,0,0,1,0,CINDY F. INTSCHERT
82,Thompson,2013.0,,0,1,Kings,nyu,0,0,0,0,0,0,0,0,0,0,0,0,0,0,0,0,0,0,0,0,0,0,0,0,0,0,0,0,0,0,0,0,0,0,0,0,0,0,Kenneth P. Thompson
83,Hynes,1989.0,2013.0,0,0,Kings,st.johns,0,0,0,0,0,0,0,0,0,0,0,0,0,0,1,0,0,0,1,0,0,0,1,0,0,0,1,0,0,0,1,0,0,0,1,0,0,0,Charles J. Hynes
84,Moser,2007.0,,1,0,Lewis,syracuse,0,0,0,0,0,0,0,0,0,0,0,0,0,0,0,0,0,0,0,0,0,0,0,0,0,0,0,0,0,0,0,0,1,0,0,0,1,0,Leanne K. Moser
85,Young,1987.0,2007.0,0,0,Lewis,albany,0,0,0,0,0,0,0,0,0,0,0,0,1,0,0,0,1,0,0,0,1,0,0,0,1,0,0,0,1,0,0,0,0,0,0,0,0,0,Michael F. Young
86,McCaffrey,2012.0,,0,0,Livingston,buffalo,0,0,0,0,0,0,0,0,0,0,0,0,0,0,0,0,0,0,0,0,0,0,0,0,0,0,0,0,0,0,0,0,0,1,0,0,0,0,Gregory J. McCaffrey
87,Moran,1993.0,2012.0,0,0,Livingston,syracuse,0,0,0,0,0,0,0,0,0,0,0,0,0,0,0,0,0,1,0,0,0,1,0,0,0,1,0,0,0,1,0,0,0,0,0,0,0,0,Thomas E. Moran
88,Moran,1993.0,2012.0,0,0,Livingston,syracuse,0,0,0,0,0,0,0,0,0,0,0,0,0,0,0,0,0,1,0,0,0,1,0,0,0,1,0,0,0,1,0,0,0,0,0,0,0,0,THOMAS E. MORAN
89,Gabor,2008.0,,0,0,Madison,syracuse,0,0,0,0,0,0,0,0,0,0,0,0,0,0,0,0,0,0,0,0,0,0,0,0,0,0,0,0,0,0,0,0,0,1,0,0,0,0,William G. Gabor
90,Gabor,2008.0,,0,0,Madison,syracuse,0,0,0,0,0,0,0,0,0,0,0,0,0,0,0,0,0,0,0,0,0,0,0,0,0,0,0,0,0,0,0,0,0,1,0,0,0,0,Willam G. Gabor
91,Aumell,2008.0,2008.0,0,0,Madison,syracuse,0,0,0,0,0,0,0,0,0,0,0,0,0,0,0,0,0,0,0,0,0,0,0,0,0,0,0,0,0,1,0,0,0,0,0,0,0,0,Jeffrey A. Aumell
92,Cerio,1989.0,2007.0,0,0,Madison,buffalo,0,0,0,0,0,0,0,0,0,0,0,0,0,0,1,0,0,0,1,0,0,0,1,0,0,0,1,0,0,0,0,0,0,0,0,0,0,0,Donald F. Cerio Jr.
93,Doorley,2011.0,,1,0,Monroe,syracuse,0,0,0,0,0,0,0,0,0,0,0,0,0,0,0,0,0,0,0,0,0,0,0,0,0,0,0,0,0,0,0,0,0,0,0,0,1,0,Sandra Doorley
94,Doorley,2011.0,,1,0,Monroe,syracuse,0,0,0,0,0,0,0,0,0,0,0,0,0,0,0,0,0,0,0,0,0,0,0,0,0,0,0,0,0,0,0,0,0,0,0,0,1,0,Sandra J. Doorley
95,Doorley,2011.0,,1,0,Monroe,syracuse,0,0,0,0,0,0,0,0,0,0,0,0,0,0,0,0,0,0,0,0,0,0,0,0,0,0,0,0,0,0,0,0,0,0,0,0,1,0,SANDRA DOORLEY
96,Green,2003.0,2011.0,0,0,Monroe,westernnewengland,0,0,0,0,0,0,0,0,0,0,0,0,0,0,0,0,0,0,0,0,0,0,0,0,0,0,0,0,1,0,0,0,0,0,0,0,0,0,Michael C. Green
97,Green,2003.0,2011.0,0,0,Monroe,westernnewengland,0,0,0,0,0,0,0,0,0,0,0,0,0,0,0,0,0,0,0,0,0,0,0,0,0,0,0,0,1,0,0,0,0,0,0,0,0,0,MICHAEL C. GREEN
98,Green,2003.0,2011.0,0,0,Monroe,westernnewengland,0,0,0,0,0,0,0,0,0,0,0,0,0,0,0,0,0,0,0,0,0,0,0,0,0,0,0,0,1,0,0,0,0,0,0,0,0,0,Edward J. Nowak
99,Relin,1983.0,2003.0,0,0,Monroe,buffalo,0,0,0,0,0,0,0,0,1,0,0,0,1,0,0,0,1,0,0,0,1,0,0,0,0,0,0,0,0,0,0,0,0,0,0,0,0,0,HOWARD R. RELIN
100,Conboy,1996.0,,0,0,Montgomery,albany,0,0,0,0,0,0,0,0,0,0,0,0,0,0,0,0,0,1,0,0,0,1,0,0,0,1,0,0,0,1,0,0,0,1,0,0,0,1,James E. Conboy
101,Singas,2015.0,,1,0,Nassau,fordham,0,0,0,0,0,0,0,0,0,0,0,0,0,0,0,0,0,0,0,0,0,0,0,0,0,0,0,0,0,0,0,0,0,0,0,0,0,0,Madeline Singas
102,Singas,2015.0,,1,0,Nassau,fordham,0,0,0,0,0,0,0,0,0,0,0,0,0,0,0,0,0,0,0,0,0,0,0,0,0,0,0,0,0,0,0,0,0,0,0,0,0,0,Madeline M. Singas
103,Rice,2005.0,2014.0,1,0,Nassau,touro,0,0,0,0,0,0,0,0,0,0,0,0,0,0,0,0,0,0,0,0,0,0,0,0,0,0,0,0,0,0,1,0,0,0,1,0,0,0,Kathleen M. Rice
104,Rice,2005.0,2014.0,1,0,Nassau,touro,0,0,0,0,0,0,0,0,0,0,0,0,0,0,0,0,0,0,0,0,0,0,0,0,0,0,0,0,0,0,1,0,0,0,1,0,0,0,"Mineola, N.Y."
105,Dillon,1973.0,2005.0,0,0,Nassau,fordham,1,0,0,1,0,0,1,0,0,0,1,0,0,0,1,0,0,0,1,0,0,0,1,0,0,0,1,0,0,0,0,0,0,0,0,0,0,0,Denis Dillon
106,Vance,2009.0,,0,0,New York,georgetown,0,0,0,0,0,0,0,0,0,0,0,0,0,0,0,0,0,0,0,0,0,0,0,0,0,0,0,0,0,0,0,0,0,0,1,0,0,0,"Cyrus R. Vance, Jr."
107,Vance,2009.0,,0,0,New York,georgetown,0,0,0,0,0,0,0,0,0,0,0,0,0,0,0,0,0,0,0,0,0,0,0,0,0,0,0,0,0,0,0,0,0,0,1,0,0,0,"Cryus R. Vance, Jr."
108,Vance,2009.0,,0,0,New York,georgetown,0,0,0,0,0,0,0,0,0,0,0,0,0,0,0,0,0,0,0,0,0,0,0,0,0,0,0,0,0,0,0,0,0,0,1,0,0,0,Cyrus R. Vance Jr.
109,Vance,2009.0,,0,0,New York,georgetown,0,0,0,0,0,0,0,0,0,0,0,0,0,0,0,0,0,0,0,0,0,0,0,0,0,0,0,0,0,0,0,0,0,0,1,0,0,0,"Cyrus, R. Vance, Jr."
110,Vance,2009.0,,0,0,New York,georgetown,0,0,0,0,0,0,0,0,0,0,0,0,0,0,0,0,0,0,0,0,0,0,0,0,0,0,0,0,0,0,0,0,0,0,1,0,0,0,Cyrus R. Vance
111,Vance,2009.0,,0,0,New York,georgetown,0,0,0,0,0,0,0,0,0,0,0,0,0,0,0,0,0,0,0,0,0,0,0,0,0,0,0,0,0,0,0,0,0,0,1,0,0,0,"Cyrus R. Vance, Jr., District Attorney, New York (R. Vance, Jr."
112,Morgenthau,1974.0,2009.0,0,0,New York,yale,1,0,0,1,0,0,1,0,0,0,1,0,0,0,1,0,0,0,1,0,0,0,1,0,0,0,1,0,0,0,0,0,0,0,0,0,0,0,Robert M. Morgenthau
113,Morgenthau,1974.0,2009.0,0,0,New York,yale,1,0,0,1,0,0,1,0,0,0,1,0,0,0,1,0,0,0,1,0,0,0,1,0,0,0,1,0,0,0,0,0,0,0,0,0,0,0,Robert S. Morgenthau
114,Violante,2007.0,,0,0,Niagara,suffolk,0,0,0,0,0,0,0,0,0,0,0,0,0,0,0,0,0,0,0,0,0,0,0,0,0,0,0,0,0,0,0,0,1,0,0,0,1,0,Michael J. Violante
115,Murphy,1991.0,2007.0,0,0,Niagara,albany,0,0,0,0,0,0,0,0,0,0,0,0,0,0,0,0,1,0,0,0,1,0,0,0,1,0,0,0,0,0,0,0,0,0,0,0,0,0,James A. Murphy III
116,Murphy,1982.0,2003.0,0,0,Richmond,harvard,0,0,0,0,0,1,0,0,1,0,0,0,1,0,0,0,1,0,0,0,1,0,0,0,0,0,0,0,0,0,0,0,0,0,0,0,0,0,James A. Murphy III
117,Murphy,1997.0,2014.0,0,0,Saratoga,pace,0,0,0,0,0,0,0,0,0,0,0,0,0,0,0,0,0,0,0,0,0,0,1,0,0,0,1,0,0,0,1,0,0,0,1,0,0,0,James A. Murphy III
118,Murphy,1991.0,2007.0,0,0,Niagara,albany,0,0,0,0,0,0,0,0,0,0,0,0,0,0,0,0,1,0,0,0,1,0,0,0,1,0,0,0,0,0,0,0,0,0,0,0,0,0,"James A. Murphy, III"
119,Murphy,1982.0,2003.0,0,0,Richmond,harvard,0,0,0,0,0,1,0,0,1,0,0,0,1,0,0,0,1,0,0,0,1,0,0,0,0,0,0,0,0,0,0,0,0,0,0,0,0,0,"James A. Murphy, III"
120,Murphy,1997.0,2014.0,0,0,Saratoga,pace,0,0,0,0,0,0,0,0,0,0,0,0,0,0,0,0,0,0,0,0,0,0,1,0,0,0,1,0,0,0,1,0,0,0,1,0,0,0,"James A. Murphy, III"
121,Murphy,1991.0,2007.0,0,0,Niagara,albany,0,0,0,0,0,0,0,0,0,0,0,0,0,0,0,0,1,0,0,0,1,0,0,0,1,0,0,0,0,0,0,0,0,0,0,0,0,0,"Matthew J. Murphy, III"
122,Murphy,1982.0,2003.0,0,0,Richmond,harvard,0,0,0,0,0,1,0,0,1,0,0,0,1,0,0,0,1,0,0,0,1,0,0,0,0,0,0,0,0,0,0,0,0,0,0,0,0,0,"Matthew J. Murphy, III"
123,Murphy,1997.0,2014.0,0,0,Saratoga,pace,0,0,0,0,0,0,0,0,0,0,0,0,0,0,0,0,0,0,0,0,0,0,1,0,0,0,1,0,0,0,1,0,0,0,1,0,0,0,"Matthew J. Murphy, III"
124,Murphy,1991.0,2007.0,0,0,Niagara,albany,0,0,0,0,0,0,0,0,0,0,0,0,0,0,0,0,1,0,0,0,1,0,0,0,1,0,0,0,0,0,0,0,0,0,0,0,0,0,"MATTHEW J. MURPHY, III"
125,Murphy,1982.0,2003.0,0,0,Richmond,harvard,0,0,0,0,0,1,0,0,1,0,0,0,1,0,0,0,1,0,0,0,1,0,0,0,0,0,0,0,0,0,0,0,0,0,0,0,0,0,"MATTHEW J. MURPHY, III"
126,Murphy,1997.0,2014.0,0,0,Saratoga,pace,0,0,0,0,0,0,0,0,0,0,0,0,0,0,0,0,0,0,0,0,0,0,1,0,0,0,1,0,0,0,1,0,0,0,1,0,0,0,"MATTHEW J. MURPHY, III"
127,Murphy,1991.0,2007.0,0,0,Niagara,albany,0,0,0,0,0,0,0,0,0,0,0,0,0,0,0,0,1,0,0,0,1,0,0,0,1,0,0,0,0,0,0,0,0,0,0,0,0,0,James A. Murphy
128,Murphy,1982.0,2003.0,0,0,Richmond,harvard,0,0,0,0,0,1,0,0,1,0,0,0,1,0,0,0,1,0,0,0,1,0,0,0,0,0,0,0,0,0,0,0,0,0,0,0,0,0,James A. Murphy
129,Murphy,1997.0,2014.0,0,0,Saratoga,pace,0,0,0,0,0,0,0,0,0,0,0,0,0,0,0,0,0,0,0,0,0,0,1,0,0,0,1,0,0,0,1,0,0,0,1,0,0,0,James A. Murphy
130,McNamara,2007.0,,0,0,Oneida,vermont,0,0,0,0,0,0,0,0,0,0,0,0,0,0,0,0,0,0,0,0,0,0,0,0,0,0,0,0,1,0,0,0,1,0,0,0,1,0,Scott D. McNamara
131,McNamara,2007.0,,0,0,Oneida,vermont,0,0,0,0,0,0,0,0,0,0,0,0,0,0,0,0,0,0,0,0,0,0,0,0,0,0,0,0,1,0,0,0,1,0,0,0,1,0,Scott D. Mc Namara
132,Arcuri,1993.0,2007.0,0,0,Oneida,nyu,0,0,0,0,0,0,0,0,0,0,0,0,0,0,0,0,1,0,0,0,1,0,0,0,1,0,0,0,0,0,0,0,0,0,0,0,0,0,MICHAEL A. ARCURI
133,Arcuri,1993.0,2007.0,0,0,Oneida,nyu,0,0,0,0,0,0,0,0,0,0,0,0,0,0,0,0,1,0,0,0,1,0,0,0,1,0,0,0,0,0,0,0,0,0,0,0,0,0,Michael A. Arcuri
134,Fitzpatrick,1991.0,,0,0,Onondaga,syracuse,0,0,0,0,0,0,0,0,0,0,0,0,0,0,0,0,1,0,0,0,1,0,0,0,1,0,0,0,1,0,0,0,1,0,0,0,1,0,William J. Fitzpatrick
135,Fitzpatrick,1991.0,,0,0,Onondaga,syracuse,0,0,0,0,0,0,0,0,0,0,0,0,0,0,0,0,1,0,0,0,1,0,0,0,1,0,0,0,1,0,0,0,1,0,0,0,1,0,WILLIAM J. FITZPATRICK
136,Tantillo,1989.0,,0,0,Ontario,buffalo,0,0,0,0,0,0,0,0,0,0,0,0,0,0,1,0,0,0,1,0,0,0,1,0,0,0,1,0,0,0,1,0,0,0,1,0,0,0,R. Michael Tantillo
137,Tantillo,1989.0,,0,0,Ontario,buffalo,0,0,0,0,0,0,0,0,0,0,0,0,0,0,1,0,0,0,1,0,0,0,1,0,0,0,1,0,0,0,1,0,0,0,1,0,0,0,R. MICHAEL TANTILLO
138,Hoovler,2013.0,,0,0,Orange,detroit,0,0,0,0,0,0,0,0,0,0,0,0,0,0,0,0,0,0,0,0,0,0,0,0,0,0,0,0,0,0,0,0,0,0,0,0,0,0,David M. Hoovler
139,Phillips,1985.0,2013.0,0,0,Orange,albany,0,0,0,0,0,0,0,0,0,0,1,0,0,0,1,0,0,0,1,0,0,0,1,0,0,0,1,0,0,0,1,0,0,0,0,0,0,0,Francis D. Phillips II
140,Cardone,1992.0,,0,0,Orleans,unknown,0,0,0,0,0,0,0,0,0,0,0,0,0,0,0,0,0,1,0,0,0,1,0,0,0,1,0,0,0,1,0,0,0,1,0,0,0,1,Joseph V. Cardone
141,Cardone,1992.0,,0,0,Orleans,unknown,0,0,0,0,0,0,0,0,0,0,0,0,0,0,0,0,0,1,0,0,0,1,0,0,0,1,0,0,0,1,0,0,0,1,0,0,0,1,JOSEPH V. CARDONE
142,Oakes,2011.0,,0,0,Oswego,bostoncollege,0,0,0,0,0,0,0,0,0,0,0,0,0,0,0,0,0,0,0,0,0,0,0,0,0,0,0,0,0,0,0,0,0,0,0,0,1,0,Gregory S. Oakes
143,Dodd,1999.0,2011.0,0,0,Oswego,newhampshire,0,0,0,0,0,0,0,0,0,0,0,0,0,0,0,0,0,0,0,0,0,0,0,0,1,0,0,0,1,0,0,0,0,0,0,0,0,0,Donald H. Dodd
144,Dodd,1999.0,2011.0,0,0,Oswego,newhampshire,0,0,0,0,0,0,0,0,0,0,0,0,0,0,0,0,0,0,0,0,0,0,0,0,1,0,0,0,1,0,0,0,0,0,0,0,0,0,DONALD H. DODD
145,Muehl,,,0,0,Otsego,unknown,0,0,0,0,0,0,0,0,0,0,0,0,0,0,0,0,0,0,0,0,0,0,0,0,1,0,0,0,1,0,0,0,1,0,0,0,1,0,John M. Muehl
146,Muehl,,,0,0,Otsego,unknown,0,0,0,0,0,0,0,0,0,0,0,0,0,0,0,0,0,0,0,0,0,0,0,0,1,0,0,0,1,0,0,0,1,0,0,0,1,0,John W. Muehl
147,Muehl,,,0,0,Otsego,unknown,0,0,0,0,0,0,0,0,0,0,0,0,0,0,0,0,0,0,0,0,0,0,0,0,1,0,0,0,1,0,0,0,1,0,0,0,1,0,John Muehl
148,Levy,2007.0,,0,0,Putnam,hofstra,0,0,0,0,0,0,0,0,0,0,0,0,0,0,0,0,0,0,0,0,0,0,0,0,0,0,0,0,0,0,0,0,1,0,0,0,0,0,Adam B. Levy
149,Wright,1999.0,,0,0,Putnam,brooklyn,0,0,0,0,0,0,0,0,0,0,0,0,0,0,0,0,0,0,0,0,0,0,0,0,1,0,0,0,0,0,0,0,0,0,0,0,0,0,Kevin L. Wright
150,Abelove,2014.0,,0,0,Rensselaer,albany,0,0,0,0,0,0,0,0,0,0,0,0,0,0,0,0,0,0,0,0,0,0,0,0,0,0,0,0,0,0,0,0,0,0,0,0,0,0,Joel E. Abelove
151,Glass,2013.0,2014.0,0,0,Rensselaer,westernnewengland,0,0,0,0,0,0,0,0,0,0,0,0,0,0,0,0,0,0,0,0,0,0,0,0,0,0,0,0,0,0,0,0,0,0,0,0,0,0,Arthur Glass
152,Glass,2013.0,2014.0,0,0,Rensselaer,westernnewengland,0,0,0,0,0,0,0,0,0,0,0,0,0,0,0,0,0,0,0,0,0,0,0,0,0,0,0,0,0,0,0,0,0,0,0,0,0,0,Arthur F. Glass Jr.
153,McNally,2007.0,2013.0,0,0,Rensselaer,st.johns,0,0,0,0,0,0,0,0,0,0,0,0,0,0,0,0,0,0,0,0,0,0,0,0,0,0,0,0,0,0,0,0,1,0,0,0,0,0,Richard J. McNally Jr.
154,McNally,2007.0,2013.0,0,0,Rensselaer,st.johns,0,0,0,0,0,0,0,0,0,0,0,0,0,0,0,0,0,0,0,0,0,0,0,0,0,0,0,0,0,0,0,0,1,0,0,0,0,0,"Richard J. McNally, Jr."
155,McNally,2007.0,2013.0,0,0,Rensselaer,st.johns,0,0,0,0,0,0,0,0,0,0,0,0,0,0,0,0,0,0,0,0,0,0,0,0,0,0,0,0,0,0,0,0,1,0,0,0,0,0,Richard J. McNally
156,DeAngelis,2003.0,2006.0,1,0,Rensselaer,albany,0,0,0,0,0,0,0,0,0,0,0,0,0,0,0,0,0,0,0,0,0,0,0,0,1,0,0,0,0,0,0,0,0,0,0,0,0,0,Patricia A. DeAngelis
157,McMahon,2015.0,,0,0,Richmond,nyu,0,0,0,0,0,0,0,0,0,0,0,0,0,0,0,0,0,0,0,0,0,0,0,0,0,0,0,0,0,0,0,0,0,0,0,0,0,0,Michael E. McMahon
158,Master,2015.0,2015.0,0,0,Richmond,georgetown,0,0,0,0,0,0,0,0,0,0,0,0,0,0,0,0,0,0,0,0,0,0,0,0,0,0,0,0,0,0,0,0,0,0,0,0,0,0,"Daniel L. Master, Jr."
159,Donovan,2003.0,2015.0,0,0,Richmond,fordham,0,0,0,0,0,0,0,0,0,0,0,0,0,0,0,0,0,0,0,0,0,0,0,0,0,0,0,0,1,0,0,0,1,0,0,0,0,0,"Daniel M. Donovan, Jr."
160,Donovan,2003.0,2015.0,0,0,Richmond,fordham,0,0,0,0,0,0,0,0,0,0,0,0,0,0,0,0,0,0,0,0,0,0,0,0,0,0,0,0,1,0,0,0,1,0,0,0,0,0,Daniel M. Donovan
161,Zugibe,2007.0,,0,0,Rockland,st.johns,0,0,0,0,0,0,0,0,0,0,0,0,0,0,0,0,0,0,0,0,0,0,0,0,0,0,0,0,0,0,0,0,1,0,0,0,1,0,Thomas P. Zugibe
162,Bongiorno,1995.0,2007.0,0,0,Rockland,washingtonandlee,0,0,0,0,0,0,0,0,0,0,0,0,0,0,0,0,1,0,0,0,1,0,0,0,1,0,0,0,1,0,0,0,0,0,0,0,0,0,Michael E. Bongiorno
163,Rain,2013.0,,1,0,St. Lawrence,pennstate,0,0,0,0,0,0,0,0,0,0,0,0,0,0,0,0,0,0,0,0,0,0,0,0,0,0,0,0,0,0,0,0,0,0,0,0,0,0,Mary E. Rain
164,Duve,2005.0,2013.0,1,0,St. Lawrence,albany,0,0,0,0,0,0,0,0,0,0,0,0,0,0,0,0,0,0,0,0,0,0,0,0,0,0,0,0,0,0,1,0,0,0,1,0,0,0,Nicole M. Duve
165,Heggen,2014.0,,1,0,Saratoga,vermont,0,0,0,0,0,0,0,0,0,0,0,0,0,0,0,0,0,0,0,0,0,0,0,0,0,0,0,0,0,0,0,0,0,0,0,0,0,0,Karen A. Heggen
166,Heggen,2014.0,,1,0,Saratoga,vermont,0,0,0,0,0,0,0,0,0,0,0,0,0,0,0,0,0,0,0,0,0,0,0,0,0,0,0,0,0,0,0,0,0,0,0,0,0,0,Karen Heggen
167,Carney,1990.0,,0,0,Schenectady,albany,0,0,0,0,0,0,0,0,0,0,0,0,0,0,0,0,0,0,1,0,0,0,1,0,0,0,1,0,0,0,1,0,0,0,1,0,0,0,Robert M. Carney
168,Sacket,1993.0,,0,0,Schoharie,unknown,0,0,0,0,0,0,0,0,0,0,0,0,0,0,0,0,0,0,1,0,0,0,1,0,0,0,1,0,0,0,1,0,0,0,1,0,0,0,James Sacket
169,Fazzary,1997.0,,0,0,Schuyler,syracuse,0,0,0,0,0,0,0,0,0,0,0,0,0,0,0,0,0,0,0,0,0,0,1,0,0,0,1,0,0,0,1,0,0,0,1,0,0,0,Joseph G. Fazzary
170,Porsch,2009.0,,0,0,Seneca,syracuse,0,0,0,0,0,0,0,0,0,0,0,0,0,0,0,0,0,0,0,0,0,0,0,0,0,0,0,0,0,0,0,0,0,0,1,0,0,0,Barry L. Porsch
171,Porsch,2009.0,,0,0,Seneca,syracuse,0,0,0,0,0,0,0,0,0,0,0,0,0,0,0,0,0,0,0,0,0,0,0,0,0,0,0,0,0,0,0,0,0,0,1,0,0,0,Barry Porsch
172,Baker,2011.0,,0,0,Steuben,albany,0,0,0,0,0,0,0,0,0,0,0,0,0,0,0,0,0,0,0,0,0,0,0,0,0,0,0,0,0,0,0,0,0,0,0,0,1,0,Brooks T. Baker
173,Tunney,1987.0,2011.0,0,0,Steuben,cornell,0,0,0,0,0,0,0,0,0,0,0,0,1,0,0,0,1,0,0,0,1,0,0,0,1,0,0,0,1,0,0,0,0,0,0,0,0,0,John C. Tunney
174,Tunney,1987.0,2011.0,0,0,Steuben,cornell,0,0,0,0,0,0,0,0,0,0,0,0,1,0,0,0,1,0,0,0,1,0,0,0,1,0,0,0,1,0,0,0,0,0,0,0,0,0,Many
175,Tunney,1987.0,2011.0,0,0,Steuben,cornell,0,0,0,0,0,0,0,0,0,0,0,0,1,0,0,0,1,0,0,0,1,0,0,0,1,0,0,0,1,0,0,0,0,0,0,0,0,0,JOHN C. TUNNEY
176,Spota,2001.0,,0,0,Suffolk,st.johns,0,0,0,0,0,0,0,0,0,0,0,0,0,0,0,0,0,0,0,0,0,0,0,0,0,0,1,0,0,0,1,0,0,0,1,0,0,0,Thomas J. Spota
177,Farrell,2009.0,,0,0,Sullivan,albany,0,0,0,0,0,0,0,0,0,0,0,0,0,0,0,0,0,0,0,0,0,0,0,0,0,0,0,0,0,0,0,0,0,0,1,0,0,0,James R. Farrell
178,Lungen,1981.0,2009.0,0,0,Sullivan,brooklyn,0,0,0,0,0,0,1,0,0,0,1,0,0,0,1,0,0,0,1,0,0,0,1,0,0,0,1,0,0,0,0,0,0,0,0,0,0,0,Stephen F. Lungen
179,Martin,2013.0,,0,0,Tioga,unknown,0,0,0,0,0,0,0,0,0,0,0,0,0,0,0,0,0,0,0,0,0,0,0,0,0,0,0,0,0,0,0,0,0,0,0,0,0,0,Kirk O. Martin
180,Keene,1999.0,2012.0,0,0,Tioga,syracuse,0,0,0,0,0,0,0,0,0,0,0,0,0,0,0,0,0,0,0,0,0,0,0,0,1,0,0,0,1,0,0,0,1,0,0,0,0,0,Gerald A. Keene
181,Wilkinson,2005.0,2005.0,1,0,Tompkins,pennstate,0,0,0,0,0,0,0,0,0,0,0,0,0,0,0,0,0,0,0,0,0,0,0,0,0,0,1,0,0,0,1,0,0,0,1,0,0,0,Gwen Wilkinson
182,Wilkinson,2005.0,2005.0,1,0,Tompkins,pennstate,0,0,0,0,0,0,0,0,0,0,0,0,0,0,0,0,0,0,0,0,0,0,0,0,0,0,1,0,0,0,1,0,0,0,1,0,0,0,Gwen P. Wilkinson
183,Wilkinson,2005.0,2005.0,1,0,Tompkins,pennstate,0,0,0,0,0,0,0,0,0,0,0,0,0,0,0,0,0,0,0,0,0,0,0,0,0,0,1,0,0,0,1,0,0,0,1,0,0,0,Andrew J. Bonavia
184,Carnright,2007.0,,0,0,Ulster,suffolk,0,0,0,0,0,0,0,0,0,0,0,0,0,0,0,0,0,0,0,0,0,0,0,0,0,0,0,0,0,0,0,0,1,0,0,0,1,0,Holley Carnright
185,Carnright,2007.0,,0,0,Ulster,suffolk,0,0,0,0,0,0,0,0,0,0,0,0,0,0,0,0,0,0,0,0,0,0,0,0,0,0,0,0,0,0,0,0,1,0,0,0,1,0,D. Holley Carnright
186,Carnright,2007.0,,0,0,Ulster,suffolk,0,0,0,0,0,0,0,0,0,0,0,0,0,0,0,0,0,0,0,0,0,0,0,0,0,0,0,0,0,0,0,0,1,0,0,0,1,0,"D. Holley, Carnright"
187,Carnright,2007.0,,0,0,Ulster,suffolk,0,0,0,0,0,0,0,0,0,0,0,0,0,0,0,0,0,0,0,0,0,0,0,0,0,0,0,0,0,0,0,0,1,0,0,0,1,0,D. Holly Carnright
188,Carnright,2007.0,,0,0,Ulster,suffolk,0,0,0,0,0,0,0,0,0,0,0,0,0,0,0,0,0,0,0,0,0,0,0,0,0,0,0,0,0,0,0,0,1,0,0,0,1,0,Robert Knapp
189,William,1997.0,2007.0,0,0,Ulster,albany,0,0,0,0,0,0,0,0,0,0,0,0,0,0,0,0,0,0,0,0,1,0,0,0,1,0,0,0,0,0,0,0,0,0,0,0,0,0,Donald A. Williams
190,Hogan,2001.0,,1,0,Warren,washingtonandlee,0,0,0,0,0,0,0,0,0,0,0,0,0,0,0,0,0,0,0,0,0,0,0,0,0,0,1,0,0,0,1,0,0,0,1,0,0,0,Kathleen B. Hogan
191,Hogan,2001.0,,1,0,Warren,washingtonandlee,0,0,0,0,0,0,0,0,0,0,0,0,0,0,0,0,0,0,0,0,0,0,0,0,0,0,1,0,0,0,1,0,0,0,1,0,0,0,Jason M. Carusone
192,Jordan,2013.0,,0,0,Washington,penn,0,0,0,0,0,0,0,0,0,0,0,0,0,0,0,0,0,0,0,0,0,0,0,0,0,0,0,0,0,0,0,0,0,0,1,0,0,0,J. Anthony Jordan
193,Kortright,,2009.0,0,0,Washington,penn,0,0,0,0,0,0,0,0,0,0,0,0,0,0,0,0,0,0,0,0,0,0,0,0,0,0,1,0,0,0,0,0,0,0,0,0,0,0,Kevin C. Kortright
194,Kortright,,2009.0,0,0,Washington,penn,0,0,0,0,0,0,0,0,0,0,0,0,0,0,0,0,0,0,0,0,0,0,0,0,0,0,1,0,0,0,0,0,0,0,0,0,0,0,"Kevin C. Kortright, Washington County"
195,Healy,,,0,0,Wayne,syracuse,0,0,0,0,0,0,0,0,0,0,0,0,0,0,0,0,0,0,0,0,0,0,0,0,0,0,0,0,1,0,0,0,1,0,0,0,1,0,Richard M. Healy
196,Healy,,,0,0,Wayne,syracuse,0,0,0,0,0,0,0,0,0,0,0,0,0,0,0,0,0,0,0,0,0,0,0,0,0,0,0,0,1,0,0,0,1,0,0,0,1,0,RICHARD M. HEALY
197,Healy,,,0,0,Wayne,syracuse,0,0,0,0,0,0,0,0,0,0,0,0,0,0,0,0,0,0,0,0,0,0,0,0,0,0,0,0,1,0,0,0,1,0,0,0,1,0,Christopher Bokelman
198,DiFiore,2005.0,,1,0,Westchester,st.johns,0,0,0,0,0,0,0,0,0,0,0,0,0,0,0,0,0,0,0,0,0,0,0,0,0,0,0,0,0,0,1,0,0,0,1,0,0,0,Janet DiFiore
199,Pirro,1993.0,2005.0,1,0,Westchester,albany,0,0,0,0,0,0,0,0,0,0,0,0,0,0,0,0,0,0,1,0,0,0,1,0,0,0,0,0,0,0,0,0,0,0,0,0,0,0,Jeanine Pirro
200,Stout,1994.0,2010.0,0,0,Wyoming,syracuse,0,0,0,0,0,0,0,0,0,0,0,0,0,0,0,1,0,0,0,1,0,0,0,1,0,0,0,1,0,0,0,0,0,0,0,0,0,0,Gerald L. Stout
201,Stout,1994.0,2010.0,0,0,Wyoming,syracuse,0,0,0,0,0,0,0,0,0,0,0,0,0,0,0,1,0,0,0,1,0,0,0,1,0,0,0,1,0,0,0,0,0,0,0,0,0,0,GERALD L. STOUT
202,Gardner,2013.0,,1,0,Yates,buffalo,0,0,0,0,0,0,0,0,0,0,0,0,0,0,0,0,0,0,0,0,0,0,0,0,0,0,0,0,0,0,0,0,0,0,0,0,0,0,Valerie G. Gardner
203,Cook,2009.0,,0,0,Yates,pennstate,0,0,0,0,0,0,0,0,0,0,0,0,0,0,0,0,0,0,0,0,0,0,0,0,0,0,0,0,0,0,0,0,0,0,1,0,0,0,Jason L. Cook
204,Lindenmuth,1995.0,2009.0,1,0,Yates,georgewashington,0,0,0,0,0,0,0,0,0,0,0,0,0,0,0,0,0,0,0,0,0,0,1,0,0,0,1,0,0,0,0,0,0,0,0,0,0,0,Susan H. Lindenmuth
205,Lindenmuth,1995.0,2009.0,1,0,Yates,georgewashington,0,0,0,0,0,0,0,0,0,0,0,0,0,0,0,0,0,0,0,0,0,0,1,0,0,0,1,0,0,0,0,0,0,0,0,0,0,0,Jon E. Budelmann
206,Lindenmuth,1995.0,2009.0,1,0,Yates,georgewashington,0,0,0,0,0,0,0,0,0,0,0,0,0,0,0,0,0,0,0,0,0,0,1,0,0,0,1,0,0,0,0,0,0,0,0,0,0,0,Donald G. O'Geen
207,Lindenmuth,1995.0,2009.0,1,0,Yates,georgewashington,0,0,0,0,0,0,0,0,0,0,0,0,0,0,0,0,0,0,0,0,0,0,1,0,0,0,1,0,0,0,0,0,0,0,0,0,0,0,Kevin C. Kortwright
208,Lindenmuth,1995.0,2009.0,1,0,Yates,georgewashington,0,0,0,0,0,0,0,0,0,0,0,0,0,0,0,0,0,0,0,0,0,0,1,0,0,0,1,0,0,0,0,0,0,0,0,0,0,0,Richard E. Swinehart
209,Lindenmuth,1995.0,2009.0,1,0,Yates,georgewashington,0,0,0,0,0,0,0,0,0,0,0,0,0,0,0,0,0,0,0,0,0,0,1,0,0,0,1,0,0,0,0,0,0,0,0,0,0,0,George M. Dentes
210,Lindenmuth,1995.0,2009.0,1,0,Yates,georgewashington,0,0,0,0,0,0,0,0,0,0,0,0,0,0,0,0,0,0,0,0,0,0,1,0,0,0,1,0,0,0,0,0,0,0,0,0,0,0,RICHARD E. SWINEHART
211,Lindenmuth,1995.0,2009.0,1,0,Yates,georgewashington,0,0,0,0,0,0,0,0,0,0,0,0,0,0,0,0,0,0,0,0,0,0,1,0,0,0,1,0,0,0,0,0,0,0,0,0,0,0,Joseph G. Fazzay
212,Lindenmuth,1995.0,2009.0,1,0,Yates,georgewashington,0,0,0,0,0,0,0,0,0,0,0,0,0,0,0,0,0,0,0,0,0,0,1,0,0,0,1,0,0,0,0,0,0,0,0,0,0,0,Robert M. Morgenthal
213,Lindenmuth,1995.0,2009.0,1,0,Yates,georgewashington,0,0,0,0,0,0,0,0,0,0,0,0,0,0,0,0,0,0,0,0,0,0,1,0,0,0,1,0,0,0,0,0,0,0,0,0,0,0,P. David Soars
214,Lindenmuth,1995.0,2009.0,1,0,Yates,georgewashington,0,0,0,0,0,0,0,0,0,0,0,0,0,0,0,0,0,0,0,0,0,0,1,0,0,0,1,0,0,0,0,0,0,0,0,0,0,0,Lawrence Friendman
215,Lindenmuth,1995.0,2009.0,1,0,Yates,georgewashington,0,0,0,0,0,0,0,0,0,0,0,0,0,0,0,0,0,0,0,0,0,0,1,0,0,0,1,0,0,0,0,0,0,0,0,0,0,0,J. Anthony Jordon
216,Lindenmuth,1995.0,2009.0,1,0,Yates,georgewashington,0,0,0,0,0,0,0,0,0,0,0,0,0,0,0,0,0,0,0,0,0,0,1,0,0,0,1,0,0,0,0,0,0,0,0,0,0,0,David M. Hoover
217,Graven,,,1,0,Tioga,albany,0,0,0,0,0,0,0,0,0,0,0,0,0,0,0,0,0,0,0,0,0,0,0,0,0,0,0,0,0,0,0,0,0,0,0,0,0,0,Irene C. Graven
218,McCarty,2016.0,,0,0,Westchester,albany,0,0,0,0,0,0,0,0,0,0,0,0,0,0,0,0,0,0,0,0,0,0,0,0,0,0,0,0,0,0,0,0,0,0,0,0,0,0,James A. McCarty
219,Tendy,,,0,0,Putnam,st.johns,0,0,0,0,0,0,0,0,0,0,0,0,0,0,0,0,0,0,0,0,0,0,0,0,0,0,0,0,0,0,0,0,0,0,0,0,0,0,Robert Tendy
220,Mills,2016.0,,1,0,Jefferson,syracuse,0,0,0,0,0,0,0,0,0,0,0,0,0,0,0,0,0,0,0,0,0,0,0,0,0,0,0,0,0,0,0,0,0,0,0,0,0,0,Kristyna S. Mills
221,Flaherty,,,0,0,Erie,buffalo,0,0,0,0,0,0,0,0,0,0,0,0,0,0,0,0,0,0,0,0,0,0,0,0,0,0,0,0,0,0,0,0,0,0,0,0,0,0,"Michael J. Flaherty, Jr."
222,Swanson,2015.0,,0,0,Chautauqua,memphis,0,0,0,0,0,0,0,0,0,0,0,0,0,0,0,0,0,0,0,0,0,0,0,0,0,0,0,0,0,0,0,0,0,0,0,0,0,0,Patrick E. Swanson
223,Gonzalez,,,0,0,New York,michigan,0,0,0,0,0,0,0,0,0,0,0,0,0,0,0,0,0,0,0,0,0,0,0,0,0,0,0,0,0,0,0,0,0,0,0,0,0,0,Eric Gonzalez
224,Scarpino,,,0,0,Westchester,syracuse,0,0,0,0,0,0,0,0,0,0,0,0,0,0,0,0,0,0,0,0,0,0,0,0,0,0,0,0,0,0,0,0,0,0,0,0,0,0,"Anthony A. Scarpino, Jr."
225,McCoski,,,1,0,Montgomery,quinnipiac,0,0,0,0,0,0,0,0,0,0,0,0,0,0,0,0,0,0,0,0,0,0,0,0,0,0,0,0,0,0,0,0,0,0,0,0,0,0,Kelli P. McCoski
226,Brenner,,,0,0,Niagara,,0,0,0,0,0,0,0,0,0,0,0,0,0,0,0,0,0,0,0,0,0,0,0,0,0,0,0,0,0,0,0,0,0,0,0,0,0,0,"Theodore A. Brenner, Deputy"
227,Flynn,,,0,0,Erie,buffalo,0,0,0,0,0,0,0,0,0,0,0,0,0,0,0,0,0,0,0,0,0,0,0,0,0,0,0,0,0,0,0,0,0,0,0,0,0,0,John J. Flynn
228,Perfetti,,,0,0,Cortland,westernmichigan,0,0,0,0,0,0,0,0,0,0,0,0,0,0,0,0,0,0,0,0,0,0,0,0,0,0,0,0,0,0,0,0,0,0,0,0,0,0,Patrick A. Perfetti
229,Wojtaszek,,,1,0,Niagara,buffalo,0,0,0,0,0,0,0,0,0,0,0,0,0,0,0,0,0,0,0,0,0,0,0,0,0,0,0,0,0,0,0,0,0,0,0,0,0,0,Caroline A. Wojtaszek
230,Van Houten,,,0,0,Tompkins,albany,0,0,0,0,0,0,0,0,0,0,0,0,0,0,0,0,0,0,0,0,0,0,0,0,0,0,0,0,0,0,0,0,0,0,0,0,0,0,Matthew Van Houten
231,Van Houten,,,0,0,Tompkins,albany,0,0,0,0,0,0,0,0,0,0,0,0,0,0,0,0,0,0,0,0,0,0,0,0,0,0,0,0,0,0,0,0,0,0,0,0,0,0,Matthew VanHouten
232,Filipowski,,,1,0,Tompkins,albany,0,0,0,0,0,0,0,0,0,0,0,0,0,0,0,0,0,0,0,0,0,0,0,0,0,0,0,0,0,0,0,0,0,0,0,0,0,0,Eliza Filipowski
