,da_last_name,start year,left office,female,black,county,1976,1977,1978,1980,1981,1982,1983,1985,1986,1987,1988,1989,1990,1991,1992,1993,1994,1995,1996,1997,1998,1999,2000,2001,2002,2003,2004,2005,2006,2007,2008,2009,2010,2011,2012,2013,2014,2015,2016,university,graduation,1997-contested,1999-contested,2000-contested,2001-contested,2003-contested,2004-contested,2005-contested,2007-contested,2008-contested,2009-contested,2010-contested,2011-contested,2012-contested,2013-contested,2014-contested,2015-contested
0,Soares,2004,,0,1,Albany,0,0,0,0,0,0,0,0,0,0,0,0,0,0,0,0,0,0,0,0,0,0,0,0,0,0,0,0,0,0,1,0,0,0,1,0,0,0,0,Albany,0,0,0,0,0,0,0,0,0,0,0,0,0,0,0,0,0
1,Clyne,2000,2004,0,0,Albany,0,0,0,0,0,0,0,0,0,0,0,0,0,0,0,0,0,0,0,0,0,0,0,0,0,0,0,0,0,0,0,0,0,0,0,0,0,0,0,Albany,0,0,0,0,0,0,1,0,0,0,0,0,0,0,0,0,0
2,Greenberg,1974,2000,0,0,Albany,0,0,1,0,0,1,0,0,1,0,1,0,1,0,0,0,1,0,0,0,0,0,0,0,0,0,0,0,0,0,0,0,0,0,0,0,0,0,0,Albany,1948,0,0,0,0,0,0,0,0,0,0,0,0,0,0,0,0
3,Slep,2011,,0,0,Allegany,0,0,0,0,0,0,0,0,0,0,0,0,0,0,0,0,0,0,0,0,0,0,0,0,0,0,0,0,0,0,0,0,0,1,0,0,0,1,0,Syracuse,1988,0,0,0,0,0,0,0,0,0,0,0,0,0,0,0,0
4,Parker,1997,2010,0,0,Allegany,0,0,0,0,0,0,0,0,0,0,0,0,0,0,0,0,0,0,0,0,0,0,0,1,0,0,0,1,0,0,0,1,0,0,0,0,0,0,0,Pace,1981,0,0,0,0,0,0,0,0,0,1,0,0,0,0,0,0
5,Clark,2015,,1,1,Bronx,0,0,0,0,0,0,0,0,0,0,0,0,0,0,0,0,0,0,0,0,0,0,0,0,0,0,0,0,0,0,0,0,0,0,0,0,0,0,0,Howard,0,0,0,0,0,0,0,0,0,0,0,0,0,0,0,0,0
6,Johnson,1987,2015,0,1,Bronx,0,0,0,0,0,0,0,0,0,0,0,0,0,1,0,0,0,1,0,0,0,1,0,0,0,1,0,0,0,1,0,0,0,1,0,0,0,0,0,NYU,0,0,0,0,0,0,0,0,0,0,0,0,0,0,0,0,0
7,Cornwell,2015,,0,0,Broome,0,0,0,0,0,0,0,0,0,0,0,0,0,0,0,0,0,0,0,0,0,0,0,0,0,0,0,0,0,0,0,0,0,0,0,0,0,0,0,Syracuse,1995,0,0,0,0,0,0,0,0,0,0,0,0,0,0,0,1
8,Mollen,1987,2015,0,0,Broome,0,0,0,0,0,0,0,0,0,1,0,0,0,1,0,0,0,1,0,0,0,1,0,0,0,1,0,0,0,1,0,0,0,1,0,0,0,1,0,George Washington,0,0,0,0,0,0,0,0,0,0,0,0,0,0,0,0,0
9,Rieman,2009,,1,0,Cattaraugus,0,0,0,0,0,0,0,0,0,0,0,0,0,0,0,0,0,0,0,0,0,0,0,0,0,0,0,0,0,0,0,0,0,0,0,0,0,0,0,Tennessee,0,0,0,0,0,0,0,0,0,0,0,0,0,0,1,0,0
10,Sharkey,1997,2009,0,0,Cattaraugus,0,0,0,0,0,0,0,0,0,0,0,0,0,0,0,0,0,0,0,0,0,0,0,1,0,0,0,1,0,0,0,1,0,0,0,0,0,0,0,Buffalo,0,0,0,0,0,0,0,1,0,0,1,0,0,0,0,0,0
11,Budelman,2007,,0,0,Cayuga,0,0,0,0,0,0,0,0,0,0,0,0,0,0,0,0,0,0,0,0,0,0,0,0,0,0,0,0,0,0,0,0,0,1,0,0,0,1,0,George Washington,0,0,0,0,0,0,0,0,1,0,0,0,1,0,0,0,0
12,Vargason,1995,2003,0,0,Cayuga,0,0,0,0,0,0,0,0,0,0,0,0,0,0,0,0,0,0,0,0,0,1,0,0,0,1,0,0,0,0,0,0,0,0,0,0,0,0,0,Syracuse,0,0,0,0,0,1,0,0,0,0,0,0,0,0,0,0,0
13,Foley,2005,,0,0,Chautauqua,0,0,0,0,0,0,0,0,0,0,0,0,0,0,0,0,0,0,0,0,0,0,0,0,0,0,0,1,0,0,0,1,0,0,0,1,0,0,0,Vermont,1992,0,0,0,0,0,0,0,0,0,0,0,0,0,0,0,0
14,Subjack,1993,2005,0,0,Chautauqua,0,0,0,0,0,0,0,0,0,0,0,0,0,0,0,0,0,0,0,1,0,0,0,1,0,0,0,0,0,0,0,0,0,0,0,0,0,0,0,Illinois,1972,0,0,0,0,0,0,0,0,0,0,0,0,0,0,0,0
15,Wetmore,2007,,0,0,Chemung,0,0,0,0,0,0,0,0,0,0,0,0,0,0,0,0,0,0,0,0,0,0,0,0,0,0,0,0,0,0,0,0,0,1,0,0,0,1,0,Albany,1978,0,0,0,0,0,0,0,0,0,0,0,0,0,0,0,0
16,Trice,2000,2007,0,0,Chemung,0,0,0,0,0,0,0,0,0,0,0,0,0,0,0,0,0,0,0,0,0,0,0,0,0,1,0,0,0,1,0,0,0,0,0,0,0,0,0,Syracuse,1984,0,0,0,0,0,0,0,1,0,0,0,0,0,0,0,0
17,O'Mara,1988,2000,0,0,Chemung,0,0,0,0,0,0,0,0,0,0,0,0,0,0,1,0,0,0,1,0,0,0,1,0,0,0,0,0,0,0,0,0,0,0,0,0,0,0,0,,0,0,0,0,0,0,0,0,0,0,0,0,0,0,0,0,0
18,Hayden,1982,1988,0,0,Chemung,0,0,0,0,0,0,0,0,0,0,0,0,0,0,0,0,0,0,0,0,0,0,0,0,0,0,0,0,0,0,0,0,0,0,0,0,0,0,0,Albany,0,0,0,0,0,0,0,0,0,0,0,0,0,0,0,0,0
19,Crew,1972,1982,0,0,Chemung,1,0,0,1,0,0,0,0,0,0,0,0,0,0,0,0,0,0,0,0,0,0,0,0,0,0,0,0,0,0,0,0,0,0,0,0,0,0,0,Albany,1962,0,0,0,0,0,0,0,0,0,0,0,0,0,0,0,0
20,McBride,1999,,0,0,Chenango,0,0,0,0,0,0,0,0,0,0,0,0,0,0,0,0,0,0,0,0,0,0,0,0,0,1,0,0,0,1,0,0,0,1,0,0,0,1,0,,0,0,0,0,0,0,0,0,0,0,0,0,0,0,0,0,1
21,Wylie,2005,,0,0,Clinton,0,0,0,0,0,0,0,0,0,0,0,0,0,0,0,0,0,0,0,0,0,0,0,0,0,0,0,0,0,0,0,1,0,0,0,1,0,0,0,Creighton,0,0,0,0,0,0,0,0,0,0,0,0,0,0,0,0,0
23,Czajka,2011,,0,0,Columbia,0,0,0,0,0,0,0,0,0,0,0,0,0,0,0,0,0,0,0,0,0,0,0,0,0,0,0,0,0,0,0,0,0,0,0,0,0,0,0,Western New England,1971,0,0,0,0,0,0,0,0,0,0,0,1,0,0,0,0
24,Cozzolino,1995,2011,1,0,Columbia,0,0,0,0,0,0,0,0,0,0,0,0,0,0,0,0,0,0,0,0,0,1,0,0,0,1,0,0,0,1,0,0,0,0,0,0,0,0,0,Western New England,0,0,0,0,0,0,0,0,1,0,0,0,0,0,0,0,0
25,Czajka,1987,1995,0,0,Columbia,0,0,0,0,0,0,0,0,0,0,0,0,0,0,0,0,0,0,0,0,0,0,0,0,0,0,0,0,0,0,0,0,0,0,0,0,0,0,0,Western New England,1971,0,0,0,0,0,0,0,0,0,0,0,0,0,0,0,0
26,Suben,2008,,0,0,Cortland,0,0,0,0,0,0,0,0,0,0,0,0,0,0,0,0,0,0,0,0,0,0,0,0,0,0,0,0,0,0,0,0,0,0,1,0,0,0,1,Fordham,1982,0,0,0,0,0,0,0,0,0,0,0,0,1,0,0,0
27,Hartnett,2004,2008,0,0,Cortland,0,0,0,0,0,0,0,0,0,0,0,0,0,0,0,0,0,0,0,0,0,0,0,0,0,0,0,0,0,0,0,0,0,0,0,0,0,0,0,Western New England,0,0,0,0,0,0,0,0,0,0,0,0,0,0,0,0,0
29,Hubbard,2015,,0,0,Delaware,0,0,0,0,0,0,0,0,0,0,0,0,0,0,0,0,0,0,0,0,0,0,0,0,0,0,0,0,0,0,0,0,0,0,0,0,0,0,0,New England,0,0,0,0,0,0,0,0,0,0,0,0,0,0,0,0,0
30,Northrup,2004,2015,0,0,Delaware,0,0,0,0,0,0,0,0,0,0,0,0,0,0,0,0,0,0,0,0,0,0,0,0,0,0,0,0,0,0,1,0,0,0,1,0,0,0,0,Albany,1984,0,0,0,0,0,0,0,0,0,0,0,0,0,0,0,0
31,Grady,1983,,0,0,Dutchess,0,0,0,0,0,0,0,0,0,1,0,0,0,1,0,0,0,1,0,0,0,1,0,0,0,1,0,0,0,1,0,0,0,1,0,0,0,1,0,NYU,0,0,0,0,0,0,0,0,0,0,0,0,0,0,0,0,0
32,Sedita,2008,,0,0,Erie,0,0,0,0,0,0,0,0,0,0,0,0,0,0,0,0,0,0,0,0,0,0,0,0,0,0,0,0,0,0,0,0,0,0,0,0,0,0,0,Buffalo,1986,0,0,0,0,0,0,0,0,1,0,0,0,0,0,0,0
33,Clark,1996,2008,0,0,Erie,0,0,0,0,0,0,0,0,0,0,0,0,0,0,0,0,0,0,0,0,0,0,1,0,0,0,1,0,0,0,0,0,0,0,0,0,0,0,0,Buffalo,0,0,0,0,0,0,0,0,0,0,0,0,0,0,0,0,0
34,Sprague,2009,,1,0,Essex,0,0,0,0,0,0,0,0,0,0,0,0,0,0,0,0,0,0,0,0,0,0,0,0,0,0,0,0,0,0,0,0,0,0,0,0,0,0,0,Albany,0,0,0,0,0,0,0,0,0,0,1,0,0,0,0,0,0
35,Garcia,2005,2009,1,0,Essex,0,0,0,0,0,0,0,0,0,0,0,0,0,0,0,0,0,0,0,0,0,0,0,0,0,0,0,0,0,0,0,0,0,0,0,0,0,0,0,Albany,0,0,0,0,0,0,0,1,0,0,1,0,0,0,0,0,0
36,Briggs,1993,2005,0,0,Essex,0,0,0,0,0,0,0,0,0,0,0,0,0,0,0,0,0,0,0,1,0,0,0,1,0,0,0,0,0,0,0,0,0,0,0,0,0,0,0,Tulane,0,0,0,0,0,0,0,0,0,0,0,0,0,0,0,0,0
37,Carriero,2015,,0,0,Franklin,0,0,0,0,0,0,0,0,0,0,0,0,0,0,0,0,0,0,0,0,0,0,0,0,0,0,0,0,0,0,0,0,0,0,0,0,0,0,0,Albany,0,0,0,0,0,0,0,0,0,0,0,0,0,0,0,0,1
38,MacNeill,2014,2015,0,0,Franklin,0,0,0,0,0,0,0,0,0,0,0,0,0,0,0,0,0,0,0,0,0,0,0,0,0,0,0,0,0,0,0,0,0,0,0,0,0,0,0,Washburn,0,0,0,0,0,0,0,0,0,0,0,0,0,0,0,0,1
39,Champagne,2002,2014,0,0,Franklin,0,0,0,0,0,0,0,0,0,0,0,0,0,0,0,0,0,0,0,0,0,0,0,0,0,0,0,0,1,0,0,0,1,0,0,0,0,0,0,New Hampshire,0,0,0,0,0,0,0,0,0,0,0,0,0,0,0,0,0
41,Brown,2015,,0,0,Fulton,0,0,0,0,0,0,0,0,0,0,0,0,0,0,0,0,0,0,0,0,0,0,0,0,0,0,0,0,0,0,0,0,0,0,0,0,0,0,0,Western New England,0,0,0,0,0,0,0,0,0,0,0,0,0,0,0,0,0
42,Sira,2002,2015,1,0,Fulton,0,0,0,0,0,0,0,0,0,0,0,0,0,0,0,0,0,0,0,0,0,0,0,0,0,0,0,0,0,0,0,0,0,0,0,0,0,0,0,Albany,1993,0,0,0,0,0,0,0,0,0,0,0,0,0,0,0,0
44,Giardino,1991,1996,0,0,Fulton,0,0,0,0,0,0,0,0,0,0,0,0,0,0,0,0,0,0,0,0,0,0,0,0,0,0,0,0,0,0,0,0,0,0,0,0,0,0,0,Albany,0,0,0,0,0,0,0,0,0,0,0,0,0,0,0,0,0
45,Friedman,1997,,0,0,Genesee,0,0,0,0,0,0,0,0,0,0,0,0,0,0,0,0,0,0,0,0,0,0,0,1,0,0,0,1,0,0,0,1,0,0,0,1,0,0,0,Buffalo,1981,0,0,0,0,0,0,0,0,0,0,0,0,0,0,0,0
46,Stanzione,2014,,0,0,Greene,0,0,0,0,0,0,0,0,0,0,0,0,0,0,0,0,0,0,0,0,0,0,0,0,0,0,0,0,0,0,0,0,0,0,0,0,0,0,0,Western New England,1983,0,0,0,0,0,0,0,0,0,0,0,0,0,0,1,0
47,Bucca,2013,2013,0,0,Greene,0,0,0,0,0,0,0,0,0,0,0,0,0,0,0,0,0,0,0,0,0,0,0,0,0,0,0,0,0,0,0,0,0,0,0,0,0,0,0,Albany,1999,0,0,0,0,0,0,0,0,0,0,0,0,0,0,0,0
48,Wilhelm,1999,2013,0,0,Greene,0,0,0,0,0,0,0,0,0,0,0,0,0,0,0,0,0,0,0,0,0,0,0,0,0,1,0,0,0,1,0,0,0,1,0,0,0,0,0,Albany,1980,0,0,0,0,0,0,0,0,0,0,0,0,0,0,0,0
49,Purdue,2011,,1,0,Hamilton,0,0,0,0,0,0,0,0,0,0,0,0,0,0,0,0,0,0,0,0,0,0,0,0,0,0,0,0,0,0,0,0,0,0,0,0,0,0,0,Rutgers,0,0,0,0,0,0,0,0,0,0,0,0,1,0,0,0,0
50,Curry,1992,,0,0,Hamilton,0,0,0,0,0,0,0,0,0,0,0,0,0,0,0,0,0,0,1,0,0,0,1,0,0,0,1,0,0,0,1,0,0,0,0,0,0,0,0,,1978,0,0,0,0,0,0,0,0,0,0,0,0,0,0,0,0
51,Carpenter,2012,,0,0,Herkimer,0,0,0,0,0,0,0,0,0,0,0,0,0,0,0,0,0,0,0,0,0,0,0,0,0,0,0,0,0,0,0,0,0,0,0,0,0,0,0,Pepperdine,0,0,0,0,0,0,0,0,0,0,0,0,0,1,0,0,0
52,Crandall,2002,2011,0,0,Herkimer,0,0,0,0,0,0,0,0,0,0,0,0,0,0,0,0,0,0,0,0,0,0,0,0,0,0,1,0,0,0,1,0,0,0,0,0,0,0,0,Albany,0,0,0,0,0,0,0,0,0,0,0,0,0,0,0,0,0
53,Daley,1992,2002,0,0,Herkimer,0,0,0,0,0,0,0,0,0,0,0,0,0,0,0,0,0,0,1,0,0,0,1,0,0,0,0,0,0,0,0,0,0,0,0,0,0,0,0,Syracuse,0,0,0,0,0,0,0,0,0,0,0,0,0,0,0,0,0
54,Intschert,1999,,1,0,Jefferson,0,0,0,0,0,0,0,0,0,0,0,0,0,0,0,0,0,0,0,0,0,0,0,0,0,1,0,0,0,1,0,0,0,1,0,0,0,1,0,Buffalo,1984,0,0,0,0,0,0,0,0,0,0,0,0,0,0,0,0
55,Thompson,2013,,0,1,Kings,0,0,0,0,0,0,0,0,0,0,0,0,0,0,0,0,0,0,0,0,0,0,0,0,0,0,0,0,0,0,0,0,0,0,0,0,0,0,0,NYU,0,0,0,0,0,0,0,0,0,0,0,0,0,0,1,0,0
56,Hynes,1989,2013,0,0,Kings,0,0,0,0,0,0,0,0,0,0,0,0,0,0,0,1,0,0,0,1,0,0,0,1,0,0,0,1,0,0,0,1,0,0,0,1,0,0,0,St. Johns,1961,0,0,0,0,0,0,0,0,0,0,0,0,0,1,0,0
57,Moser,2007,,1,0,Lewis,0,0,0,0,0,0,0,0,0,0,0,0,0,0,0,0,0,0,0,0,0,0,0,0,0,0,0,0,0,0,0,0,0,1,0,0,0,1,0,Syracuse,1991,0,0,0,0,0,0,0,0,0,0,0,0,0,0,0,1
58,Young,1987,2007,0,0,Lewis,0,0,0,0,0,0,0,0,0,0,0,0,0,1,0,0,0,1,0,0,0,1,0,0,0,1,0,0,0,1,0,0,0,0,0,0,0,0,0,Albany,1977,0,0,0,0,0,0,0,0,0,0,0,0,0,0,0,0
59,McCaffrey,2012,,0,0,Livingston,0,0,0,0,0,0,0,0,0,0,0,0,0,0,0,0,0,0,0,0,0,0,0,0,0,0,0,0,0,0,0,0,0,0,0,0,0,0,0,Buffalo,0,0,0,0,0,0,0,0,0,0,0,0,0,1,0,0,0
60,Schiener,2012,2012,0,0,Livingston,0,0,0,0,0,0,0,0,0,0,0,0,0,0,0,0,0,0,0,0,0,0,0,0,0,0,0,0,0,0,0,0,0,0,0,0,0,0,0,Syracuse,1997,0,0,0,0,0,0,0,0,0,0,0,0,1,0,0,0
61,Moran,1993,2012,0,0,Livingston,0,0,0,0,0,0,0,0,0,0,0,0,0,0,0,0,0,0,1,0,0,0,1,0,0,0,1,0,0,0,1,0,0,0,0,0,0,0,0,Syracuse,1984,0,0,0,0,0,0,0,0,0,0,0,0,0,0,0,0
62,Gabor,2008,,0,0,Madison,0,0,0,0,0,0,0,0,0,0,0,0,0,0,0,0,0,0,0,0,0,0,0,0,0,0,0,0,0,0,0,0,0,0,0,0,0,0,0,Syracuse,0,0,0,0,0,0,0,0,0,1,0,0,0,0,0,0,0
63,Aumell,2008,2008,0,0,Madison,0,0,0,0,0,0,0,0,0,0,0,0,0,0,0,0,0,0,0,0,0,0,0,0,0,0,0,0,0,0,0,0,0,0,0,0,0,0,0,Syracuse,0,0,0,0,0,0,0,0,0,1,0,0,0,0,0,0,0
64,Cerio,1989,2007,0,0,Madison,0,0,0,0,0,0,0,0,0,0,0,0,0,0,0,1,0,0,0,1,0,0,0,1,0,0,0,1,0,0,0,0,0,0,0,0,0,0,0,Buffalo,0,0,0,0,0,0,0,0,0,0,0,0,0,0,0,0,0
65,Doorley,2011,,1,0,Monroe,0,0,0,0,0,0,0,0,0,0,0,0,0,0,0,0,0,0,0,0,0,0,0,0,0,0,0,0,0,0,0,0,0,0,0,0,0,0,0,Syracuse,0,0,0,0,0,0,0,0,0,0,0,0,1,0,0,0,0
66,Green,2003,2011,0,0,Monroe,0,0,0,0,0,0,0,0,0,0,0,0,0,0,0,0,0,0,0,0,0,0,0,0,0,0,0,0,0,0,0,0,0,0,0,0,0,0,0,Western New England,1986,0,0,0,0,0,0,0,1,0,0,0,0,0,0,0,0
67,Relin,1983,2003,0,0,Monroe,0,0,0,0,0,0,0,0,0,1,0,0,0,1,0,0,0,1,0,0,0,1,0,0,0,0,0,0,0,0,0,0,0,0,0,0,0,0,0,Buffalo,0,0,0,0,0,0,0,0,0,0,0,0,0,0,0,0,0
68,Conboy,1996,,0,0,Montgomery,0,0,0,0,0,0,0,0,0,0,0,0,0,0,0,0,0,0,1,0,0,0,1,0,0,0,1,0,0,0,1,0,0,0,1,0,0,0,1,Albany,1979,0,0,0,0,0,0,0,0,0,0,0,0,0,0,0,0
69,Tomlinson,1985,1996,0,0,Montgomery,0,0,0,0,0,0,0,0,0,0,0,0,0,0,0,0,0,0,0,0,0,0,0,0,0,0,0,0,0,0,0,0,0,0,0,0,0,0,0,Western New England,1978,0,0,0,0,0,0,0,0,0,0,0,0,0,0,0,0
70,Singas,2015,,1,0,Nassau,0,0,0,0,0,0,0,0,0,0,0,0,0,0,0,0,0,0,0,0,0,0,0,0,0,0,0,0,0,0,0,0,0,0,0,0,0,0,0,Fordham,0,0,0,0,0,0,0,0,0,0,0,0,0,0,0,0,0
71,Rice,2005,2014,1,0,Nassau,0,0,0,0,0,0,0,0,0,0,0,0,0,0,0,0,0,0,0,0,0,0,0,0,0,0,0,0,0,0,0,1,0,0,0,1,0,0,0,Touro,1991,0,0,0,0,0,0,0,0,0,1,0,0,0,1,0,0
72,Dillon,1973,2005,0,0,Nassau,0,1,0,0,1,0,0,1,0,0,0,1,0,0,0,1,0,0,0,1,0,0,0,1,0,0,0,1,0,0,0,0,0,0,0,0,0,0,0,Fordham,0,0,0,0,0,0,0,1,0,0,0,0,0,0,0,0,0
73,Vance,2009,,0,0,New York,0,0,0,0,0,0,0,0,0,0,0,0,0,0,0,0,0,0,0,0,0,0,0,0,0,0,0,0,0,0,0,0,0,0,0,0,0,0,0,Georgetown,1982,0,0,0,0,0,0,0,0,0,1,0,0,0,1,0,0
74,Morgenthau,1974,2009,0,0,New York,0,1,0,0,1,0,0,1,0,0,0,1,0,0,0,1,0,0,0,1,0,0,0,1,0,0,0,1,0,0,0,0,0,0,0,0,0,0,0,Yale,1948,0,0,0,0,0,0,0,0,0,0,0,0,0,0,0,0
75,Violante,2007,,0,0,Niagara,0,0,0,0,0,0,0,0,0,0,0,0,0,0,0,0,0,0,0,0,0,0,0,0,0,0,0,0,0,0,0,0,0,1,0,0,0,1,0,Suffolk,0,0,0,0,0,0,0,0,0,0,0,0,0,0,0,0,0
76,Murphy,1991,2007,0,0,Niagara,0,0,0,0,0,0,0,0,0,0,0,0,0,0,0,0,0,1,0,0,0,1,0,0,0,1,0,0,0,0,0,0,0,0,0,0,0,0,0,Albany,1977,0,0,0,0,0,0,0,0,0,0,0,0,0,0,0,0
77,McNamara,2007,,0,0,Oneida,0,0,0,0,0,0,0,0,0,0,0,0,0,0,0,0,0,0,0,0,0,0,0,0,0,0,0,0,0,1,0,0,0,1,0,0,0,1,0,Vermont,1991,0,0,0,0,0,0,0,1,0,0,0,0,0,0,0,0
78,Arcuri,1993,2007,0,0,Oneida,0,0,0,0,0,0,0,0,0,0,0,0,0,0,0,0,0,1,0,0,0,1,0,0,0,1,0,0,0,0,0,0,0,0,0,0,0,0,0,NYU,1984,0,0,0,0,0,0,0,0,0,0,0,0,0,0,0,0
79,Fitzpatrick,1991,,0,0,Onondaga,0,0,0,0,0,0,0,0,0,0,0,0,0,0,0,0,0,1,0,0,0,1,0,0,0,1,0,0,0,1,0,0,0,1,0,0,0,1,0,Syracuse,1976,0,0,0,0,0,0,0,1,0,0,0,0,0,0,0,0
80,Tantillo,1989,,0,0,Ontario,0,0,0,0,0,0,0,0,0,0,0,0,0,0,0,1,0,0,0,1,0,0,0,1,0,0,0,1,0,0,0,1,0,0,0,1,0,0,0,Buffalo,0,0,0,0,0,0,0,0,0,0,0,0,0,0,0,0,0
81,Hoovler,2013,,0,0,Orange,0,0,0,0,0,0,0,0,0,0,0,0,0,0,0,0,0,0,0,0,0,0,0,0,0,0,0,0,0,0,0,0,0,0,0,0,0,0,0,Detroit,0,0,0,0,0,0,0,0,0,0,0,0,0,1,0,0,0
82,Phillips,1985,2013,0,0,Orange,0,0,0,0,0,0,0,0,0,0,0,1,0,0,0,1,0,0,0,1,0,0,0,1,0,0,0,1,0,0,0,1,0,0,0,0,0,0,0,Albany,1974,0,0,0,0,0,0,0,0,0,0,0,0,0,0,0,0
83,Cardone,1992,,0,0,Orleans,0,0,0,0,0,0,0,0,0,0,0,0,0,0,0,0,0,0,1,0,0,0,1,0,0,0,1,0,0,0,1,0,0,0,1,0,0,0,1,,0,0,0,0,0,0,0,0,0,1,0,0,0,0,0,0,0
84,Oakes,2011,,0,0,Oswego,0,0,0,0,0,0,0,0,0,0,0,0,0,0,0,0,0,0,0,0,0,0,0,0,0,0,0,0,0,0,0,0,0,0,0,0,0,0,0,Boston College,0,0,0,0,0,0,0,0,0,0,0,0,1,0,0,0,0
85,Dodd,1999,2011,0,0,Oswego,0,0,0,0,0,0,0,0,0,0,0,0,0,0,0,0,0,0,0,0,0,0,0,0,0,1,0,0,0,1,0,0,0,0,0,0,0,0,0,New Hampshire,1984,0,0,0,0,0,0,0,0,0,0,0,0,0,0,0,0
86,Muehl,2003,,0,0,Otsego,0,0,0,0,0,0,0,0,0,0,0,0,0,0,0,0,0,0,0,0,0,0,0,0,0,1,0,0,0,1,0,0,0,1,0,0,0,1,0,,0,0,0,0,0,0,0,0,0,0,0,0,0,0,0,0,0
87,Levy,2007,,0,0,Putnam,0,0,0,0,0,0,0,0,0,0,0,0,0,0,0,0,0,0,0,0,0,0,0,0,0,0,0,0,0,0,0,0,0,0,0,0,0,0,0,Hofstra,0,0,0,0,0,0,0,0,0,0,0,0,0,0,0,0,0
88,Wright,1999,,0,0,Putnam,0,0,0,0,0,0,0,0,0,0,0,0,0,0,0,0,0,0,0,0,0,0,0,0,0,0,0,0,0,0,0,0,0,0,0,0,0,0,0,Brooklyn,0,0,0,0,0,0,0,0,0,0,0,0,0,0,0,0,0
89,Brown,1991,,0,0,Queens,0,0,0,0,0,0,0,0,0,0,0,0,0,1,0,0,0,1,0,0,0,1,0,0,0,1,0,0,0,1,0,0,0,1,0,0,0,1,0,NYU,1956,0,0,0,0,0,0,0,0,0,0,0,0,0,0,0,0
90,Abelove,2014,,0,0,Rensselaer,0,0,0,0,0,0,0,0,0,0,0,0,0,0,0,0,0,0,0,0,0,0,0,0,0,0,0,0,0,0,0,0,0,0,0,0,0,0,0,Albany,1994,0,0,0,0,0,0,0,0,0,0,0,0,0,0,0,0
91,Glass,2013,2014,0,0,Rensselaer,0,0,0,0,0,0,0,0,0,0,0,0,0,0,0,0,0,0,0,0,0,0,0,0,0,0,0,0,0,0,0,0,0,0,0,0,0,0,0,Western New England,1983,0,0,0,0,0,0,0,0,0,0,0,0,0,0,0,0
92,McNally,2007,2013,0,0,Rensselaer,0,0,0,0,0,0,0,0,0,0,0,0,0,0,0,0,0,0,0,0,0,0,0,0,0,0,0,0,0,0,0,0,0,0,0,0,0,0,0,St. Johns,0,0,0,0,0,0,0,0,1,0,0,0,1,0,0,0,0
93,DeAngelis,2003,2006,1,0,Rensselaer,0,0,0,0,0,0,0,0,0,0,0,0,0,0,0,0,0,0,0,0,0,0,0,0,0,0,0,0,0,0,0,0,0,0,0,0,0,0,0,Albany,0,0,0,0,0,0,0,0,0,0,0,0,0,0,0,0,0
94,Bruno,1997,2003,0,0,Rensselaer,0,0,0,0,0,0,0,0,0,0,0,0,0,0,0,0,0,0,0,0,0,0,0,0,0,0,0,0,0,0,0,0,0,0,0,0,0,0,0,Western New England,1990,0,0,0,0,0,0,0,0,0,0,0,0,0,0,0,0
95,McMahon,2015,,0,0,Richmond,0,0,0,0,0,0,0,0,0,0,0,0,0,0,0,0,0,0,0,0,0,0,0,0,0,0,0,0,0,0,0,0,0,0,0,0,0,0,0,NYU,0,0,0,0,0,0,0,0,0,0,0,0,0,0,0,0,1
96,Master,2015,2015,0,0,Richmond,0,0,0,0,0,0,0,0,0,0,0,0,0,0,0,0,0,0,0,0,0,0,0,0,0,0,0,0,0,0,0,0,0,0,0,0,0,0,0,Georgetown,0,0,0,0,0,0,0,0,0,0,0,0,0,0,0,0,0
97,Donovan,2003,2015,0,0,Richmond,0,0,0,0,0,0,0,0,0,0,0,0,0,0,0,0,0,0,0,0,0,0,0,0,0,0,0,0,0,1,0,0,0,1,0,0,0,0,0,Fordham,1988,0,0,0,0,0,0,0,1,0,0,0,1,0,0,0,0
98,Murphy,1982,2003,0,0,Richmond,0,0,0,0,0,0,1,0,0,1,0,0,0,1,0,0,0,1,0,0,0,1,0,0,0,0,0,0,0,0,0,0,0,0,0,0,0,0,0,Harvard,0,0,0,0,0,0,0,0,0,0,0,0,0,0,0,0,0
99,Zugibe,2007,,0,0,Rockland,0,0,0,0,0,0,0,0,0,0,0,0,0,0,0,0,0,0,0,0,0,0,0,0,0,0,0,0,0,0,0,0,0,1,0,0,0,1,0,St. Johns,0,0,0,0,0,0,0,0,0,0,0,0,0,0,0,0,0
100,Bongiorno,1995,2007,0,0,Rockland,0,0,0,0,0,0,0,0,0,0,0,0,0,0,0,0,0,1,0,0,0,1,0,0,0,1,0,0,0,1,0,0,0,0,0,0,0,0,0,Washington and Lee,1981,0,0,0,0,0,0,0,0,0,0,0,0,0,0,0,0
101,Rain,2013,,1,0,St. Lawrence,0,0,0,0,0,0,0,0,0,0,0,0,0,0,0,0,0,0,0,0,0,0,0,0,0,0,0,0,0,0,0,0,0,0,0,0,0,0,0,Penn State,0,0,0,0,0,0,0,0,0,0,0,0,0,0,1,0,0
102,Duve,2005,2013,1,0,St. Lawrence,0,0,0,0,0,0,0,0,0,0,0,0,0,0,0,0,0,0,0,0,0,0,0,0,0,0,0,0,0,0,0,1,0,0,0,1,0,0,0,Albany,0,0,0,0,0,0,0,0,0,0,0,0,0,0,0,0,0
103,Richards,1996,2005,0,0,St. Lawrence,0,0,0,0,0,0,0,0,0,0,0,0,0,0,0,0,0,0,0,0,0,0,1,0,0,0,1,0,0,0,0,0,0,0,0,0,0,0,0,Vermont,0,0,0,0,0,0,0,0,0,0,0,0,0,0,0,0,0
104,Heggen,2014,,1,0,Saratoga,0,0,0,0,0,0,0,0,0,0,0,0,0,0,0,0,0,0,0,0,0,0,0,0,0,0,0,0,0,0,0,0,0,0,0,0,0,0,0,Vermont,1991,0,0,0,0,0,0,0,0,0,0,0,0,0,0,0,0
105,Murphy,1997,2014,0,0,Saratoga,0,0,0,0,0,0,0,0,0,0,0,0,0,0,0,0,0,0,0,0,0,0,0,1,0,0,0,1,0,0,0,1,0,0,0,1,0,0,0,Pace,1986,0,0,0,0,0,0,0,0,0,0,0,0,0,0,0,0
106,Carney,1990,,0,0,Schenectady,0,0,0,0,0,0,0,0,0,0,0,0,0,0,0,0,0,0,0,1,0,0,0,1,0,0,0,1,0,0,0,1,0,0,0,1,0,0,0,Albany,0,0,0,0,0,0,0,0,0,0,0,0,0,0,0,0,0
107,Sacket,1993,,0,0,Schoharie,0,0,0,0,0,0,0,0,0,0,0,0,0,0,0,0,0,0,0,1,0,0,0,1,0,0,0,1,0,0,0,1,0,0,0,1,0,0,0,,0,0,0,0,0,0,0,0,0,0,0,0,0,0,0,0,0
108,Fazzary,1997,,0,0,Schuyler,0,0,0,0,0,0,0,0,0,0,0,0,0,0,0,0,0,0,0,0,0,0,0,1,0,0,0,1,0,0,0,1,0,0,0,1,0,0,0,Syracuse,1992,0,0,0,0,0,0,0,0,0,0,0,0,0,0,0,0
109,Porsch,2009,,0,0,Seneca,0,0,0,0,0,0,0,0,0,0,0,0,0,0,0,0,0,0,0,0,0,0,0,0,0,0,0,0,0,0,0,0,0,0,0,0,0,0,0,Syracuse,0,0,0,0,0,0,0,0,0,0,1,0,0,0,0,0,0
110,Swineheart,2001,2009,0,0,Seneca,0,0,0,0,0,0,0,0,0,0,0,0,0,0,0,0,0,0,0,0,0,0,0,0,0,0,0,1,0,0,0,1,0,0,0,0,0,0,0,Baltimore,1988,0,0,0,0,0,0,0,0,0,1,0,0,0,0,0,0
111,Baker,2011,,0,0,Steuben,0,0,0,0,0,0,0,0,0,0,0,0,0,0,0,0,0,0,0,0,0,0,0,0,0,0,0,0,0,0,0,0,0,0,0,0,0,0,0,Albany,1993,0,0,0,0,0,0,0,0,0,0,0,0,0,0,0,0
112,Tunney,1987,2011,0,0,Steuben,0,0,0,0,0,0,0,0,0,0,0,0,0,1,0,0,0,1,0,0,0,1,0,0,0,1,0,0,0,1,0,0,0,0,0,0,0,0,0,Cornell,0,0,0,0,0,0,0,0,0,0,0,0,0,0,0,0,0
113,Spota,2001,,0,0,Suffolk,0,0,0,0,0,0,0,0,0,0,0,0,0,0,0,0,0,0,0,0,0,0,0,0,0,0,0,1,0,0,0,1,0,0,0,1,0,0,0,St. Johns,0,0,0,0,0,0,0,0,0,0,0,0,0,0,0,0,0
114,Farrell,2009,,0,0,Sullivan,0,0,0,0,0,0,0,0,0,0,0,0,0,0,0,0,0,0,0,0,0,0,0,0,0,0,0,0,0,0,0,0,0,0,0,0,0,0,0,Albany,1993,0,0,0,0,0,0,0,0,0,1,0,0,0,0,0,0
115,Lungen,1981,2009,0,0,Sullivan,0,0,0,0,0,0,0,1,0,0,0,1,0,0,0,1,0,0,0,1,0,0,0,1,0,0,0,1,0,0,0,0,0,0,0,0,0,0,0,Brooklyn,1973,0,0,0,0,0,0,0,0,0,0,0,0,0,0,0,0
116,Jaffe,1977,1981,0,0,Sullivan,0,0,0,0,0,0,0,0,0,0,0,0,0,0,0,0,0,0,0,0,0,0,0,0,0,0,0,0,0,0,0,0,0,0,0,0,0,0,0,,0,0,0,0,0,0,0,0,0,0,0,0,0,0,0,0,0
117,Martin,2013,,0,0,Tioga,0,0,0,0,0,0,0,0,0,0,0,0,0,0,0,0,0,0,0,0,0,0,0,0,0,0,0,0,0,0,0,0,0,0,0,0,0,0,0,,0,0,0,0,0,0,0,0,0,0,0,0,0,0,1,0,0
118,Keene,1999,2012,0,0,Tioga,0,0,0,0,0,0,0,0,0,0,0,0,0,0,0,0,0,0,0,0,0,0,0,0,0,1,0,0,0,1,0,0,0,1,0,0,0,0,0,Syracuse,1980,0,0,0,0,0,0,0,0,0,0,0,0,0,0,0,0
119,Wilkinson,2005,2005,1,0,Tompkins,0,0,0,0,0,0,0,0,0,0,0,0,0,0,0,0,0,0,0,0,0,0,0,0,0,0,0,1,0,0,0,1,0,0,0,1,0,0,0,Penn State,0,0,0,0,0,0,0,0,0,0,0,0,0,0,0,0,0
120,Dentis,1993,,0,0,Tompkins,0,0,0,0,0,0,0,0,0,0,0,0,0,0,0,0,0,0,0,1,0,0,0,1,0,0,0,0,0,0,0,0,0,0,0,0,0,0,0,,0,1,0,0,0,0,0,0,0,0,0,0,0,0,0,0,0
121,Carnright,2007,,0,0,Ulster,0,0,0,0,0,0,0,0,0,0,0,0,0,0,0,0,0,0,0,0,0,0,0,0,0,0,0,0,0,0,0,0,0,1,0,0,0,1,0,Suffolk,0,0,0,0,0,0,0,0,0,0,0,0,1,0,0,0,0
122,Williams,1997,2007,0,0,Ulster,0,0,0,0,0,0,0,0,0,0,0,0,0,0,0,0,0,0,0,0,0,1,0,0,0,1,0,0,0,0,0,0,0,0,0,0,0,0,0,Albany,0,0,0,0,0,0,0,0,0,0,0,0,0,0,0,0,0
123,Hogan,2001,,1,0,Warren,0,0,0,0,0,0,0,0,0,0,0,0,0,0,0,0,0,0,0,0,0,0,0,0,0,0,0,1,0,0,0,1,0,0,0,1,0,0,0,Washington and Lee,0,0,0,0,0,0,0,0,0,0,0,0,0,0,0,0,0
125,Jordan,2013,,0,0,Washington,0,0,0,0,0,0,0,0,0,0,0,0,0,0,0,0,0,0,0,0,0,0,0,0,0,0,0,0,0,0,0,0,0,0,0,0,0,0,0,University of Pennsylvania,0,0,0,0,0,0,0,0,0,0,0,0,0,0,1,0,0
126,Winn,2009,2013,0,0,Washington,0,0,0,0,0,0,0,0,0,0,0,0,0,0,0,0,0,0,0,0,0,0,0,0,0,0,0,0,0,0,0,0,0,0,0,0,0,0,0,Albany,0,0,0,0,0,0,0,0,0,0,1,0,0,0,0,0,0
127,Kortright,2005,2009,0,0,Washington,0,0,0,0,0,0,0,0,0,0,0,0,0,0,0,0,0,0,0,0,0,0,0,0,0,0,0,0,0,0,0,0,0,0,0,0,0,0,0,University of Pennsylvania,0,0,0,0,0,0,0,0,0,0,0,0,0,0,0,0,0
128,Healy,2003,,0,0,Wayne,0,0,0,0,0,0,0,0,0,0,0,0,0,0,0,0,0,0,0,0,0,0,0,0,0,0,0,0,0,1,0,0,0,1,0,0,0,1,0,Syracuse,0,0,0,0,0,0,0,0,0,0,0,0,0,0,0,0,0
129,DiFiore,2005,,1,0,Westchester,0,0,0,0,0,0,0,0,0,0,0,0,0,0,0,0,0,0,0,0,0,0,0,0,0,0,0,0,0,0,0,1,0,0,0,1,0,0,0,St. Johns,0,0,0,0,0,0,0,0,0,0,0,0,0,0,0,0,0
130,Pirro,1993,2005,1,0,Westchester,0,0,0,0,0,0,0,0,0,0,0,0,0,0,0,0,0,0,0,1,0,0,0,1,0,0,0,0,0,0,0,0,0,0,0,0,0,0,0,Albany,1975,0,0,0,0,0,0,0,0,0,0,0,0,0,0,0,0
131,O'Green,2010,,0,0,Wyoming,0,0,0,0,0,0,0,0,0,0,0,0,0,0,0,0,0,0,0,0,0,0,0,0,0,0,0,0,0,0,0,0,0,0,0,0,0,0,0,,0,0,0,0,0,0,0,0,0,0,0,0,0,0,0,0,0
132,Stout,1994,2010,0,0,Wyoming,0,0,0,0,0,0,0,0,0,0,0,0,0,0,0,0,1,0,0,0,1,0,0,0,1,0,0,0,1,0,0,0,0,0,0,0,0,0,0,Syracuse,1972,0,0,0,0,0,0,0,0,0,0,0,0,0,0,0,0
133,Gardner,2013,,1,0,Yates,0,0,0,0,0,0,0,0,0,0,0,0,0,0,0,0,0,0,0,0,0,0,0,0,0,0,0,0,0,0,0,0,0,0,0,0,0,0,0,Buffalo,0,0,0,0,0,0,0,0,0,0,0,0,0,0,1,0,0
134,Cook,2009,,0,0,Yates,0,0,0,0,0,0,0,0,0,0,0,0,0,0,0,0,0,0,0,0,0,0,0,0,0,0,0,0,0,0,0,0,0,0,0,0,0,0,0,Penn State,0,0,0,0,0,0,0,0,0,0,1,0,0,0,1,0,0
135,Lindenmuth,1995,2009,1,0,Yates,0,0,0,0,0,0,0,0,0,0,0,0,0,0,0,0,0,0,0,0,0,0,0,1,0,0,0,1,0,0,0,0,0,0,0,0,0,0,0,George Washington,0,0,0,0,0,0,0,0,0,0,0,0,0,0,0,0,0